date,open,high,low,close,volume
2016-07-01,12.23,12.23,12.23,12.23,16102.0
2016-07-04,13.45,13.45,13.45,13.45,6502.0
2016-07-05,14.8,14.8,14.8,14.8,7731.0
2016-07-06,16.28,16.28,16.28,16.28,8702.0
2016-07-07,17.91,17.91,17.91,17.91,10515.0
2016-07-08,19.7,19.7,19.7,19.7,13600.0
2016-07-11,21.67,21.67,21.67,21.67,17100.0
2016-07-12,23.84,23.84,23.84,23.84,35973.0
2016-07-13,26.22,26.22,26.22,26.22,20426.0
2016-07-14,28.84,28.84,28.84,28.84,32740.0
2016-07-15,31.72,31.72,31.72,31.72,36400.0
2016-07-18,34.89,34.89,34.89,34.89,55200.0
2016-07-19,38.38,38.38,38.38,38.38,68064.0
2016-07-20,42.22,42.22,42.22,42.22,79508.0
2016-07-21,46.44,46.44,46.44,46.44,74981.0
2016-07-22,51.08,51.08,46.51,46.58,21031549.0
2016-07-25,44.38,44.38,41.92,42.77,13383502.0
2016-07-26,42.05,46.75,42.02,46.16,12541872.0
2016-07-27,45.24,48.0,43.01,47.14,16316267.0
2016-07-28,45.2,48.29,44.2,46.35,12356560.0
2016-07-29,46.68,49.75,45.56,47.82,14622310.0
2016-08-01,46.0,46.29,43.04,43.06,11778744.0
2016-08-02,42.41,43.99,42.3,43.15,7970045.0
2016-08-03,42.4,46.67,42.35,46.51,12486157.0
2016-08-04,45.7,47.9,45.05,46.0,12146931.0
2016-08-05,45.16,46.19,44.12,44.89,6824811.0
2016-08-08,44.91,45.08,42.62,44.21,6004231.0
2016-08-09,44.13,47.79,44.13,47.2,11307233.0
2016-08-10,47.5,51.92,46.32,51.92,16018855.0
2016-08-11,52.94,55.12,51.5,51.83,19043067.0
2016-08-12,50.22,53.9,50.22,52.62,12417905.0
2016-08-15,53.34,55.64,51.88,54.31,13323462.0
2016-08-16,53.21,54.44,52.57,52.76,12221529.0
2016-08-17,51.9,53.68,51.56,52.89,7227462.0
2016-08-18,52.43,55.45,52.4,53.52,12855982.0
2016-08-19,52.85,53.31,49.06,49.72,9740935.0
2016-08-22,49.01,49.49,47.2,47.31,5431962.0
2016-08-23,47.3,49.45,47.21,49.19,4939800.0
2016-08-24,49.0,49.34,47.35,47.91,4714007.0
2016-08-25,47.0,49.57,45.8,49.34,7627611.0
2016-08-26,48.69,49.49,47.53,47.61,4787617.0
2016-08-29,46.9,48.47,46.67,47.59,3360878.0
2016-08-30,47.99,48.6,47.64,48.04,3440023.0
2016-08-31,48.04,49.94,46.5,49.85,8175000.0
2016-09-01,49.7,51.95,49.4,50.03,9967494.0
2016-09-02,48.2,49.14,47.65,47.84,6015499.0
2016-09-05,48.1,48.49,45.8,46.26,4637325.0
2016-09-06,46.25,46.88,45.0,46.78,3665754.0
2016-09-07,46.56,46.79,45.17,45.34,3614021.0
2016-09-08,45.11,45.92,44.58,44.8,2558712.0
2016-09-09,45.0,45.1,43.5,43.58,3593744.0
2016-09-12,42.58,43.17,41.7,41.8,2845597.0
2016-09-13,42.25,42.54,41.8,42.32,1822384.0
2016-09-14,41.82,42.8,41.81,42.0,1604689.0
2016-09-19,42.1,42.98,42.1,42.79,1924469.0
2016-09-20,42.79,42.9,42.29,42.41,1659604.0
2016-09-21,42.43,42.85,42.2,42.4,1561710.0
2016-09-22,42.67,42.78,42.15,42.18,1722190.0
2016-09-23,42.01,42.34,40.0,40.16,3564135.0
2016-09-26,40.14,40.14,37.01,37.18,3220838.0
2016-09-27,36.6,37.86,36.6,37.74,2069049.0
2016-09-28,38.0,38.0,37.23,37.7,1613227.0
2016-09-29,37.7,38.48,37.7,38.01,2305281.0
2016-09-30,38.01,38.25,37.7,38.18,1590468.0
2016-10-10,38.4,39.4,38.2,39.38,2481925.0
2016-10-11,39.2,39.48,38.75,39.18,1957810.0
2016-10-12,39.0,40.35,38.7,39.48,2494098.0
2016-10-13,39.4,40.3,39.06,40.27,3059271.0
2016-10-14,40.0,42.18,39.6,40.68,4131103.0
2016-10-17,40.7,40.97,39.8,40.11,3208281.0
2016-10-18,39.82,40.66,39.82,40.23,2531944.0
2016-10-19,40.5,40.6,39.97,40.36,2172798.0
2016-10-20,40.5,40.5,39.8,39.84,1987583.0
2016-10-21,39.97,40.16,38.69,39.4,2160665.0
2016-10-24,39.4,40.38,38.86,40.18,2395023.0
2016-10-25,40.19,41.47,40.02,41.09,3515938.0
2016-10-26,41.24,41.24,40.2,40.61,2353351.0
2016-10-27,40.5,41.29,40.28,41.28,3145902.0
2016-10-28,41.0,42.49,40.89,41.43,4305203.0
2016-10-31,40.8,40.84,40.02,40.09,2798797.0
2016-11-01,40.17,41.47,40.0,41.12,2967763.0
2016-11-02,40.99,45.18,40.8,44.1,9026599.0
2016-11-03,43.2,46.25,43.0,45.98,8222819.0
2016-11-04,46.0,48.87,45.4,47.07,8085676.0
2016-11-07,47.0,47.8,45.78,46.17,4868831.0
2016-11-08,47.0,49.66,46.29,48.76,7026649.0
2016-11-09,48.12,53.64,48.12,53.64,13440967.0
2016-11-10,55.0,59.0,52.68,59.0,15825217.0
2016-11-11,59.95,63.68,57.51,57.99,14804139.0
2016-11-14,56.72,59.57,56.72,57.87,5827632.0
2016-11-15,57.8,60.99,57.52,59.28,9280011.0
2016-11-16,59.35,60.46,54.0,59.5,8764046.0
2016-11-17,58.7,62.0,58.22,61.44,6491509.0
2016-11-18,60.6,62.12,58.62,59.71,4937133.0
2016-11-21,58.8,65.68,57.77,65.68,11451719.0
2016-11-22,65.0,66.13,59.11,59.11,24582093.0
2016-11-23,56.79,56.81,53.35,53.68,14471796.0
2016-11-24,53.08,54.0,51.05,52.26,11212179.0
2016-11-25,51.66,51.89,49.26,50.82,7135962.0
2016-11-28,50.99,51.0,49.4,49.7,4849804.0
2016-11-29,50.34,50.73,48.22,48.49,5622430.0
2016-11-30,48.7,48.7,47.61,48.24,4458709.0
2016-12-01,48.47,50.18,47.92,49.68,6557117.0
2016-12-02,49.61,50.28,47.65,47.7,5286387.0
2016-12-05,47.64,48.37,46.2,48.07,3142112.0
2016-12-06,48.63,48.99,48.18,48.59,3729840.0
2016-12-07,48.75,48.99,47.5,48.4,3419876.0
2016-12-08,48.64,48.65,47.1,47.34,3313054.0
2016-12-09,47.18,47.18,44.81,45.17,4326502.0
2016-12-12,45.15,45.15,40.65,40.65,5114284.0
2016-12-13,40.28,41.88,39.35,41.35,4107149.0
2016-12-14,41.0,41.75,40.13,40.82,2695748.0
2016-12-15,40.6,41.85,40.34,41.09,2946226.0
2016-12-16,41.09,42.01,41.01,42.0,3358781.0
2016-12-19,42.08,42.13,41.31,41.38,2220736.0
2016-12-20,41.37,41.78,40.9,41.64,1918156.0
2016-12-21,41.75,45.8,41.5,45.8,8600284.0
2016-12-22,46.5,48.98,46.17,47.42,11249780.0
2016-12-23,45.91,46.5,43.28,43.64,6765507.0
2016-12-26,43.05,47.86,42.06,47.17,7815574.0
2016-12-27,46.5,47.29,45.6,46.68,5691548.0
2016-12-28,46.03,47.88,45.01,45.22,4931260.0
2016-12-29,45.2,45.8,44.21,44.57,3477873.0
2016-12-30,44.55,44.9,42.77,43.01,3753989.0
2017-01-03,43.28,44.97,43.04,43.69,3250212.0
2017-01-04,43.39,44.07,42.1,43.95,3355548.0
2017-01-05,43.96,44.07,42.82,42.97,2663349.0
2017-01-06,42.75,42.75,40.76,40.9,3663249.0
2017-01-09,40.44,41.14,39.6,40.79,1968905.0
2017-01-10,40.78,41.6,40.3,41.21,2094341.0
2017-01-11,41.0,42.65,40.6,42.03,3757417.0
2017-01-12,41.8,42.3,40.48,40.5,2453581.0
2017-01-13,39.99,40.47,37.03,37.9,3115875.0
2017-01-16,37.22,37.67,34.11,34.89,3162948.0
2017-01-17,34.79,35.89,32.8,35.58,2942807.0
2017-01-18,35.15,35.33,33.72,33.78,1945253.0
2017-01-19,33.48,34.7,32.91,33.82,1903591.0
2017-01-20,33.81,34.9,33.61,34.49,1788590.0
2017-01-23,34.18,35.17,34.18,34.84,1531566.0
2017-01-24,34.81,35.2,34.23,34.31,1362136.0
2017-01-25,34.78,35.18,34.29,35.17,1838369.0
2017-01-26,35.17,37.58,35.06,36.26,2622932.0
2017-02-03,36.19,36.27,35.2,35.66,1253999.0
2017-02-06,35.5,36.46,35.5,36.43,1733905.0
2017-02-07,36.34,36.42,35.62,36.1,1679130.0
2017-02-08,36.0,36.6,35.54,36.52,1848412.0
2017-02-09,36.58,37.46,36.33,36.77,2569934.0
2017-02-10,36.7,37.18,36.15,36.16,1763815.0
2017-02-13,36.2,36.96,35.8,36.68,1713019.0
2017-02-14,36.67,36.83,36.33,36.64,1519202.0
2017-02-15,36.5,39.5,36.34,37.66,4658690.0
2017-02-16,37.4,37.4,36.61,37.0,2354881.0
2017-02-17,36.71,37.5,36.01,36.05,1918247.0
2017-02-20,36.03,36.17,34.91,35.6,1622651.0
2017-02-21,35.62,36.31,35.62,36.27,1497300.0
2017-02-22,36.33,36.74,36.14,36.45,1597840.0
2017-02-23,36.45,37.0,36.1,36.81,2153652.0
2017-02-24,36.85,37.39,36.77,37.05,2071681.0
2017-02-27,37.16,37.33,36.6,36.69,1398406.0
2017-02-28,36.39,37.2,36.39,37.09,1585896.0
2017-03-01,37.23,37.23,36.68,36.82,1533802.0
2017-03-02,36.76,37.3,36.4,36.73,1674979.0
2017-03-03,36.61,37.13,36.16,36.88,1612279.0
2017-03-06,36.87,37.86,36.69,37.64,2708380.0
2017-03-07,37.65,38.5,37.37,38.29,3220656.0
2017-03-08,38.17,38.38,37.68,37.99,2060707.0
2017-03-09,37.95,37.95,37.2,37.42,1815222.0
2017-03-10,37.3,38.48,37.3,38.18,2990842.0
2017-03-13,38.12,38.65,37.5,38.53,2454943.0
2017-03-14,38.5,39.0,37.81,38.19,2901119.0
2017-03-15,37.95,38.17,37.37,38.07,1928178.0
2017-03-16,38.2,39.54,37.95,39.18,5065791.0
2017-03-17,39.18,40.83,38.6,38.65,5791384.0
2017-03-20,38.1,38.91,38.0,38.89,2669003.0
2017-03-21,38.8,39.36,38.56,39.05,2416091.0
2017-03-22,38.81,39.4,38.02,39.18,3125598.0
2017-03-23,39.08,40.48,39.08,40.25,5965097.0
2017-03-24,40.26,40.49,39.8,40.1,3887872.0
2017-03-27,39.88,40.4,39.46,39.8,2172516.0
2017-03-28,39.74,39.93,39.08,39.29,1864621.0
2017-03-29,39.19,39.58,36.15,36.32,3453095.0
2017-03-30,35.99,35.99,34.0,34.38,2745372.0
2017-03-31,34.39,35.28,34.1,34.49,1295402.0
2017-04-05,34.55,35.25,34.55,35.17,1267679.0
2017-04-06,35.21,35.94,35.16,35.19,1222596.0
2017-04-07,35.19,35.5,34.38,34.48,1511800.0
2017-04-10,34.28,34.28,32.35,32.46,2646184.0
2017-04-11,32.15,33.09,32.15,32.97,1440332.0
2017-04-12,32.95,32.95,32.26,32.48,1070881.0
2017-04-13,32.58,32.95,32.4,32.65,742763.0
2017-04-14,32.62,32.72,32.0,32.24,994532.0
2017-04-17,31.68,31.68,30.0,30.13,1380229.0
2017-04-18,30.01,30.53,29.8,29.84,929613.0
2017-04-19,29.84,30.33,29.41,30.25,1115698.0
2017-04-20,30.39,30.39,29.38,29.87,1001771.0
2017-04-21,30.1,30.16,29.62,29.71,631185.0
2017-04-24,29.71,29.71,27.9,27.97,1021810.0
2017-04-25,28.15,28.65,28.02,28.21,707091.0
2017-04-26,28.19,28.85,28.0,28.39,778493.0
2017-04-27,28.25,29.18,27.21,28.93,1479952.0
2017-04-28,28.57,29.04,28.55,28.94,861605.0
2017-09-07,31.46,31.46,31.46,31.46,260487.0
2017-09-08,34.61,34.61,34.61,34.61,133380.0
2017-09-11,38.07,38.07,38.07,38.07,259230.0
2017-09-12,41.88,41.88,41.88,41.88,388812.0
2017-09-13,46.07,46.07,43.36,45.04,18624134.0
2017-09-14,47.0,47.0,42.35,42.91,15846889.0
2017-09-15,41.8,44.52,40.5,43.97,12255561.0
2017-09-18,42.5,44.38,41.7,41.85,6532425.0
2017-09-19,42.0,43.59,41.31,43.45,6961015.0
2017-09-20,42.75,43.13,41.8,42.14,5360485.0
2017-09-21,42.33,46.0,42.33,44.01,12626589.0
2017-09-22,44.06,44.81,40.57,41.35,8916842.0
2017-09-25,40.2,40.4,37.22,37.26,8090399.0
2017-09-26,37.39,37.65,36.82,37.13,2898810.0
2017-09-27,37.33,37.48,36.36,37.19,3057817.0
2017-09-28,36.85,37.3,36.45,36.47,2241664.0
2017-09-29,36.94,37.97,36.38,37.3,3238073.0
2017-10-09,37.8,37.85,37.26,37.48,1944536.0
2017-10-10,37.45,39.5,36.6,38.62,3171522.0
2017-10-11,38.31,39.0,37.83,37.93,1858800.0
2017-10-12,37.59,37.93,37.03,37.76,2185187.0
2017-10-13,37.76,38.16,37.35,37.45,1641651.0
2017-10-16,37.45,37.89,36.2,36.22,1357728.0
2017-10-17,36.0,37.19,35.99,36.56,1073700.0
2017-10-18,36.43,38.89,36.43,37.99,3582628.0
2017-10-19,37.71,38.39,37.6,37.74,1583100.0
2017-10-20,37.34,37.5,36.27,36.71,1728300.0
2017-10-23,36.5,37.09,36.46,37.0,926100.0
2017-10-24,36.9,36.9,36.01,36.12,1158900.0
2017-10-25,36.1,37.5,36.1,37.32,1720400.0
2017-10-26,36.96,41.05,36.6,41.05,7496763.0
2017-10-27,40.22,42.5,40.22,40.71,7050828.0
2017-10-30,40.1,42.48,39.31,41.52,5991380.0
2017-10-31,41.39,41.66,40.31,40.91,3816768.0
2017-11-01,40.65,40.96,39.52,40.71,3197378.0
2017-11-02,40.34,40.35,39.13,39.21,2150381.0
2017-11-03,39.3,40.38,39.2,39.96,2297843.0
2017-11-06,39.82,40.7,39.0,40.35,1992498.0
2017-11-07,40.41,43.26,40.16,42.78,5141460.0
2017-11-08,42.31,43.2,41.9,42.38,3174781.0
2017-11-09,42.2,43.3,42.0,42.68,2181415.0
2017-11-10,42.99,43.0,41.3,41.64,2047080.0
2017-11-13,41.23,42.14,41.0,42.06,1354491.0
2017-11-14,41.85,44.0,41.6,43.46,3018267.0
2017-11-15,43.38,45.4,43.3,44.47,3657249.0
2017-11-16,44.02,44.6,43.1,43.22,1555400.0
2017-11-17,42.92,45.35,42.92,43.23,2913156.0
2017-11-20,42.8,42.8,38.91,42.12,1883600.0
2017-11-21,41.56,44.87,41.56,44.84,2237516.0
2017-11-22,44.86,45.06,43.38,43.83,1767681.0
2017-11-23,44.77,45.0,42.26,42.43,1376116.0
2017-11-24,42.57,43.44,42.01,43.33,1103500.0
2017-11-27,43.36,43.95,41.11,41.41,1196516.0
2017-11-28,39.9,42.0,39.84,40.96,887765.0
2017-11-29,40.9,41.65,40.8,41.52,647281.0
2017-11-30,41.39,42.29,41.13,41.8,487160.0
2017-12-01,42.2,42.4,41.3,42.05,429800.0
2017-12-04,42.06,42.98,41.45,41.47,551300.0
2017-12-05,41.4,42.0,39.5,39.58,676100.0
2017-12-06,40.0,40.0,37.68,39.16,1040000.0
2017-12-07,39.0,40.2,37.9,39.95,569559.0
2017-12-08,39.51,40.78,39.51,40.15,340599.0
2017-12-11,39.85,40.48,39.78,39.92,389800.0
2017-12-12,39.93,41.46,39.93,41.06,841900.0
2017-12-13,40.78,41.2,40.51,40.9,507599.0
2017-12-14,40.89,40.89,40.05,40.36,519523.0
2017-12-15,40.36,40.67,39.55,40.2,340600.0
2017-12-18,40.02,40.48,40.0,40.37,377000.0
2017-12-19,40.4,40.5,40.02,40.3,430200.0
2017-12-20,40.39,40.95,40.0,40.15,438502.0
2017-12-29,36.14,36.14,36.14,36.14,101000.0
2018-01-02,32.53,32.53,32.53,32.53,73300.0
2018-01-03,29.28,29.28,29.28,29.28,382100.0
2018-01-04,26.77,28.2,26.77,27.56,14302427.0
2018-01-05,26.53,27.56,26.31,27.02,7096576.0
2018-01-08,26.65,27.12,26.33,26.91,4104919.0
2018-01-09,26.9,27.13,26.55,26.6,4023046.0
2018-01-10,26.18,26.18,24.19,24.65,7159046.0
2018-01-11,24.52,24.85,24.05,24.64,3291748.0
2018-01-12,24.5,25.22,24.42,24.77,2738729.0
2018-01-15,24.8,24.86,23.02,23.18,3989277.0
2018-01-16,23.15,23.5,23.01,23.29,2006123.0
2018-01-17,23.3,24.68,22.51,24.45,4342076.0
2018-01-18,24.3,24.59,24.0,24.28,2956065.0
2018-01-19,22.11,23.89,22.11,23.53,3897708.0
2018-01-22,23.3,25.88,23.3,25.88,6797883.0
2018-01-23,26.73,28.47,26.66,28.47,6647776.0
2018-01-24,29.4,30.15,26.46,27.81,12178225.0
2018-01-25,27.6,27.95,26.21,26.26,7932931.0
2018-01-26,25.81,26.47,25.7,25.81,4411647.0
2018-01-29,25.89,26.69,25.73,26.51,5199095.0
2018-01-30,26.19,26.45,24.7,25.08,4768384.0
2018-01-31,24.5,24.5,22.65,22.7,5086364.0
2018-02-01,22.94,24.52,22.94,23.29,4594446.0
2018-02-02,23.33,23.68,20.96,21.18,5018600.0
2018-02-05,20.0,20.95,19.86,20.35,2864665.0
2018-02-06,18.8,19.95,18.32,18.32,3449100.0
2018-02-07,18.85,19.26,17.62,18.93,3873716.0
2018-02-08,18.75,19.58,18.73,19.38,3679300.0
2018-02-09,18.76,19.55,17.8,18.78,2776100.0
2018-02-12,18.99,20.66,18.85,20.66,4842305.0
2018-02-13,21.25,21.42,19.83,19.92,5242828.0
2018-02-14,19.9,20.5,19.68,19.91,2432300.0
2018-02-22,20.0,20.45,20.0,20.1,2169700.0
2018-02-23,20.1,20.18,19.85,19.93,1898500.0
2018-02-26,19.98,20.95,19.96,20.61,3433765.0
2018-02-27,20.67,21.43,20.67,20.93,3709784.0
2018-02-28,20.6,20.93,20.08,20.48,2652900.0
2018-03-01,20.35,21.52,20.33,21.13,3824400.0
2018-03-02,21.09,22.0,20.6,20.71,3884500.0
2018-03-05,20.52,20.95,20.3,20.74,2356802.0
2018-03-06,20.78,21.55,20.59,21.44,3791502.0
2018-03-07,21.48,21.86,21.06,21.46,3717765.0
2018-03-08,21.35,21.96,21.22,21.95,3934684.0
2018-03-09,21.87,22.74,21.7,22.48,5123800.0
2018-03-12,22.38,23.88,22.15,23.76,6256902.0
2018-03-13,23.38,23.6,22.66,22.74,4534814.0
2018-03-14,22.7,23.16,22.2,22.33,2981802.0
2018-03-15,22.06,22.29,20.58,21.16,4003101.0
2018-03-16,21.18,21.5,21.1,21.19,1891480.0
2018-03-19,20.88,21.6,20.88,21.4,1838000.0
2018-03-20,21.35,21.86,21.0,21.85,2100727.0
2018-03-21,21.88,22.47,21.38,21.39,2990188.0
2018-03-22,21.53,21.68,21.18,21.43,1749388.0
2018-03-23,20.18,20.63,19.29,19.29,2764388.0
2018-03-26,18.4,19.2,17.61,19.12,1949200.0
2018-03-27,19.38,19.94,19.29,19.66,1975600.0
2018-03-28,19.35,19.91,19.3,19.64,1844147.0
2018-03-29,19.9,20.36,19.81,20.19,2134947.0
2018-03-30,20.32,20.79,20.3,20.49,2315468.0
2018-04-02,20.68,20.86,20.07,20.32,2267369.0
2018-04-03,19.98,20.2,19.52,19.98,2353752.0
2018-04-04,20.4,21.94,20.04,20.97,5193593.0
2018-04-09,20.6,20.86,20.0,20.6,2626421.0
2018-04-10,20.67,20.68,20.03,20.23,2248600.0
2018-04-11,20.28,20.49,20.25,20.34,1623952.0
2018-04-12,20.16,21.77,20.16,21.13,4648603.0
2018-04-13,21.48,21.78,20.81,21.7,4410991.0
2018-04-16,21.46,21.5,20.78,20.89,2726456.0
2018-04-17,20.85,21.46,20.3,20.37,2590351.0
2018-04-18,20.39,20.57,19.28,19.98,2361414.0
2018-04-19,19.85,20.09,19.82,20.01,1689088.0
2018-04-20,19.9,20.88,19.28,20.48,3300463.0
2018-04-23,20.5,21.67,20.24,21.55,4888849.0
2018-04-24,21.0,22.79,20.97,22.36,8298638.0
2018-04-25,21.97,22.08,21.53,21.9,4735902.0
2018-04-26,21.8,22.07,21.43,21.62,2981400.0
2018-04-27,21.76,21.9,21.05,21.66,2136300.0
2018-05-02,21.5,21.64,19.51,20.34,2806137.0
2018-05-03,20.0,20.38,19.31,20.26,2580787.0
2018-05-04,20.3,20.7,20.1,20.24,1697100.0
2018-05-07,20.1,20.75,20.05,20.68,1810748.0
2018-05-08,20.6,22.75,20.56,22.75,4927553.0
2018-05-09,23.88,24.0,22.84,23.17,11740370.0
2018-05-10,22.75,23.74,22.75,22.91,6142686.0
2018-05-11,22.8,23.39,21.9,22.52,5409900.0
2018-05-14,22.65,23.48,22.08,23.39,6110829.0
2018-05-15,23.3,23.32,22.66,23.18,3992162.0
2018-05-16,23.2,23.2,22.46,22.86,2852114.0
2018-05-17,22.67,23.29,22.62,23.14,3892002.0
2018-05-18,23.19,23.47,22.74,23.31,2898800.0
2018-05-21,23.34,23.54,23.05,23.07,3671700.0
2018-05-22,23.0,23.2,22.41,23.18,3471001.0
2018-05-23,22.97,23.0,22.45,22.58,2523628.0
2018-05-24,22.56,22.71,21.84,21.88,2779545.0
2018-05-25,21.93,22.22,21.93,22.21,2104485.0
2018-05-28,22.38,22.38,20.01,20.69,3368100.0
2018-05-29,20.29,20.97,20.24,20.39,1715901.0
2018-05-30,19.9,20.3,18.77,18.96,2543000.0
2018-05-31,19.2,19.42,19.03,19.22,1595500.0
2018-06-01,19.03,19.47,18.93,19.17,1188985.0
2018-06-04,19.28,19.49,19.04,19.33,1063985.0
2018-06-05,19.23,19.86,19.18,19.85,1508284.0
2018-06-06,19.86,21.84,19.66,21.84,2835393.0
2018-10-11,19.39,19.39,19.39,19.39,294300.0
2018-10-12,17.45,17.45,17.45,17.45,99500.0
2018-10-15,16.08,17.38,15.71,15.71,3834599.0
2018-10-16,15.59,15.6,14.14,14.14,3381345.0
2018-10-17,14.0,14.28,13.4,13.97,2859750.0
2018-10-18,14.3,15.37,14.01,15.37,2149952.0
2018-10-19,15.69,16.91,15.58,16.91,5606824.0
2018-10-22,18.6,18.6,18.6,18.6,823600.0
2018-10-23,20.46,20.46,19.6,20.46,3555990.0
2018-10-24,19.0,20.22,18.5,19.58,9551617.0
2018-10-25,18.21,19.0,17.85,18.1,6478611.0
2018-10-26,18.17,18.65,17.11,17.33,5966602.0
2018-10-29,16.85,17.13,16.03,16.4,4647152.0
2018-10-30,16.9,18.04,16.56,18.04,3531100.0
2018-10-31,19.27,19.3,17.64,17.72,7597735.0
2018-11-01,17.4,18.07,17.3,17.35,4651900.0
2018-11-02,17.86,17.92,17.45,17.56,3446200.0
2018-11-05,17.59,18.8,17.59,18.37,6161408.0
2018-11-06,18.1,18.26,16.92,17.04,4266679.0
2018-11-07,16.98,18.74,16.98,18.74,3336636.0
2018-11-08,19.54,19.88,18.75,18.83,9527721.0
2018-11-09,18.5,18.78,18.25,18.28,4306602.0
2018-11-12,18.68,19.15,18.4,18.56,4136828.0
2018-11-13,18.53,19.36,18.13,19.24,6142856.0
2018-11-14,19.07,19.2,18.6,18.88,4792365.0
2018-11-15,18.99,19.16,18.66,19.13,4068765.0
2018-11-16,19.13,19.24,18.7,18.85,3411953.0
2018-11-19,18.97,18.97,18.57,18.82,2267628.0
2018-11-20,18.77,18.77,17.96,18.0,3021100.0
2018-11-21,17.97,18.13,17.6,18.11,1891206.0
2018-11-22,18.16,18.31,17.85,17.97,1479500.0
2018-11-23,18.23,18.23,16.57,16.7,2652502.0
2018-11-26,16.57,17.2,16.55,16.65,1649300.0
2018-11-27,16.78,17.1,16.58,16.9,1292500.0
2018-11-28,17.13,17.13,16.25,16.93,1470400.0
2018-11-29,16.98,17.15,15.24,16.18,1624600.0
2018-11-30,16.38,16.38,15.9,16.22,1884549.0
2018-12-03,16.54,17.47,16.54,17.05,2652892.0
2018-12-04,16.95,17.18,16.86,17.1,1908141.0
2018-12-05,16.68,17.09,16.5,16.92,1514237.0
2018-12-06,16.98,17.15,16.62,16.65,1383117.0
2018-12-07,16.74,17.03,16.7,16.96,1264542.0
2018-12-10,16.75,16.95,16.19,16.4,1361101.0
2018-12-11,16.5,17.5,16.5,17.06,2558693.0
2018-12-12,17.02,17.23,16.88,17.04,1493975.0
2018-12-13,17.04,17.39,16.81,17.1,1520706.0
2018-12-14,17.16,17.16,16.01,16.5,1210613.0
2018-12-17,16.5,16.94,16.33,16.8,1201092.0
2018-12-18,17.5,17.99,17.05,17.31,4293419.0
2018-12-19,16.81,16.89,16.21,16.55,3091362.0
2018-12-20,16.31,16.42,16.15,16.28,1552343.0
2018-12-21,16.33,16.44,16.18,16.28,880400.0
2018-12-24,16.3,16.8,16.1,16.75,1878722.0
2018-12-25,16.45,16.79,15.81,16.79,2350316.0
2018-12-26,18.47,18.47,18.47,18.47,2438182.0
2018-12-27,19.05,19.52,17.56,17.65,9583581.0
2018-12-28,16.8,17.17,16.41,16.7,5065962.0
2019-01-02,16.66,18.37,16.66,18.37,2579712.0
2019-01-03,20.21,20.21,20.2,20.21,3353074.0
2019-01-04,21.0,22.23,20.51,22.23,16068619.0
2019-01-07,22.53,24.45,22.53,24.45,13844250.0
2019-01-08,25.2,25.66,22.01,22.01,11216541.0
2019-01-09,20.7,21.98,20.41,21.02,15564980.0
2019-01-10,20.3,21.41,20.27,21.0,10427339.0
2019-01-11,20.71,22.18,20.51,22.15,13222845.0
2019-01-14,21.7,21.95,20.61,20.8,8358408.0
2019-01-15,20.52,21.8,20.47,21.34,7476619.0
2019-01-16,21.02,21.25,20.4,20.6,6192049.0
2019-01-17,20.58,20.64,19.63,19.9,6463886.0
2019-01-18,19.96,20.01,19.22,19.55,4741676.0
2019-01-21,19.74,19.85,19.4,19.52,3461724.0
2019-01-22,19.68,19.82,19.45,19.77,3379953.0
2019-01-23,19.67,19.7,19.02,19.42,3708426.0
2019-01-24,19.42,19.54,19.29,19.47,2650024.0
2019-01-25,19.36,19.55,18.57,18.59,3680429.0
2019-01-28,18.5,18.96,18.5,18.67,2540540.0
2019-01-29,18.01,18.44,16.8,16.8,5931517.0
2019-01-30,16.51,16.97,16.5,16.71,2507569.0
2019-01-31,16.44,16.85,15.33,15.93,3414506.0
2019-02-01,16.1,17.52,16.1,17.31,4035692.0
2019-02-11,16.86,17.75,16.86,17.64,4020260.0
2019-02-12,17.75,17.76,17.0,17.59,3662550.0
2019-02-13,17.59,17.99,17.35,17.94,4260814.0
2019-02-14,17.9,18.95,17.65,18.56,6134354.0
2019-02-15,18.28,18.64,18.25,18.31,4124800.0
2019-02-18,18.36,18.89,18.28,18.88,4561136.0
2019-02-19,19.0,19.55,18.54,19.55,6466608.0
2019-02-20,19.36,19.51,19.13,19.44,4650306.0
2019-02-21,19.35,20.2,19.0,19.22,6987578.0
2019-02-22,19.21,19.4,18.85,19.38,4594831.0
2019-02-25,19.55,20.3,19.32,20.26,7928827.0
2019-02-26,20.25,20.25,19.68,20.06,6268406.0
2019-02-27,19.71,20.05,19.2,19.49,4550701.0
2019-02-28,19.47,19.73,19.3,19.61,2828644.0
2019-03-01,19.68,19.8,19.2,19.5,2989600.0
2019-03-04,19.69,20.16,19.51,19.72,4785600.0
2019-03-05,19.81,20.44,19.64,20.32,5677918.0
2019-03-06,20.1,20.85,19.9,20.82,7968999.0
2019-03-07,20.99,21.05,20.3,20.85,7199618.0
2019-03-08,20.38,20.6,19.12,19.12,5450600.0
2019-03-11,19.0,21.03,19.0,21.03,6893881.0
2019-03-12,22.7,22.7,21.13,21.45,12050581.0
2019-03-13,21.88,22.14,20.31,20.89,7052314.0
2019-03-14,20.75,21.8,20.51,21.28,6745324.0
2019-03-15,21.98,22.14,21.28,21.6,6761635.0
2019-03-18,21.7,21.7,20.4,21.27,4644206.0
2019-03-19,21.31,21.5,20.95,21.07,3494700.0
2019-03-20,20.89,21.53,20.55,20.97,3556200.0
2019-03-21,20.86,21.13,20.58,21.06,4012033.0
2019-03-22,21.07,21.15,20.22,20.68,3374700.0
2019-03-25,20.23,20.87,20.02,20.83,3311381.0
2019-03-26,20.88,20.92,19.89,19.91,2785500.0
2019-03-27,20.15,20.28,19.48,19.62,1870554.0
2019-03-28,19.4,19.85,19.3,19.48,1601220.0
2019-03-29,19.65,20.08,19.38,19.97,2244118.0
2019-04-01,20.08,20.93,20.08,20.86,3464545.0
2019-04-02,20.88,21.16,20.7,20.85,3384688.0
2019-04-03,20.84,21.11,20.48,21.02,2795100.0
2019-04-04,21.1,21.3,20.87,21.06,3146954.0
2019-04-08,20.9,21.71,20.38,21.69,5672728.0
2019-04-09,21.53,21.53,20.9,21.28,3208253.0
2019-04-10,21.02,21.12,20.67,20.7,2633200.0
2019-04-11,20.7,20.9,20.05,20.12,2090400.0
2019-04-12,20.12,20.6,20.12,20.39,1559600.0
2019-04-15,20.49,20.8,20.09,20.11,1751118.0
2019-04-16,20.0,20.68,19.85,20.64,1960412.0
2019-04-17,20.74,20.85,20.41,20.72,1739000.0
2019-04-18,20.78,20.78,20.25,20.45,1604118.0
2019-04-19,20.43,20.55,20.03,20.4,1468000.0
2019-04-22,20.4,20.59,20.09,20.13,1395481.0
2019-04-23,20.13,20.39,19.73,20.14,1348500.0
2019-04-24,20.0,20.22,19.88,20.08,977700.0
2019-04-25,19.9,20.09,19.04,19.08,1819120.0
2019-04-26,19.1,19.38,18.7,18.7,1059800.0
2019-04-29,18.7,18.9,16.83,17.5,1395500.0
2019-04-30,17.57,17.96,17.5,17.85,785000.0
2019-05-06,17.84,17.84,16.12,16.22,1511500.0
2019-05-07,16.98,17.0,16.34,16.69,883300.0
2019-05-08,16.5,17.35,15.02,17.02,1065118.0
2019-05-09,16.8,17.26,16.8,16.87,836520.0
2019-05-10,16.94,17.4,16.4,17.21,1420840.0
2019-05-13,17.2,17.21,16.86,17.18,810300.0
2019-05-14,17.0,17.27,16.95,16.96,803400.0
2019-05-15,17.1,17.58,17.1,17.34,1081520.0
2019-05-16,16.9,17.92,16.9,17.7,1133920.0
2019-05-17,17.72,17.99,16.5,16.7,1558876.0
2019-05-20,16.7,17.0,16.21,16.84,856050.0
2019-05-21,17.08,17.39,16.58,17.39,884422.0
2019-05-22,17.39,17.4,16.91,16.99,966271.0
2019-05-23,16.72,17.16,16.72,16.78,620352.0
2019-05-24,16.62,17.16,16.36,16.6,696864.0
2019-05-27,16.6,17.13,16.5,17.07,733230.0
2019-05-28,17.14,17.43,17.01,17.06,790713.0
2019-05-29,17.24,17.24,17.03,17.13,558673.0
2019-05-30,17.09,17.12,16.83,16.97,716434.0
2019-05-31,17.22,17.34,17.0,17.07,739900.0
2019-06-03,16.89,17.19,16.6,16.87,781800.0
2019-06-04,16.87,16.97,16.43,16.68,701666.0
2019-06-05,16.84,16.84,16.35,16.41,669706.0
2019-06-06,16.45,16.66,16.17,16.26,763032.0
2019-06-10,16.32,16.48,16.18,16.26,660471.0
2019-06-11,16.23,16.73,16.1,16.6,1181071.0
2019-06-12,16.62,16.73,16.39,16.39,940771.0
2019-06-13,16.48,16.48,16.3,16.32,979900.0
2019-06-14,16.32,16.39,15.68,15.7,1764400.0
2019-06-17,15.84,15.87,15.5,15.77,1156800.0
2019-06-18,15.77,15.93,14.8,14.99,2894300.0
2019-06-19,15.29,15.35,15.1,15.11,2450058.0
2019-06-20,15.27,15.6,15.07,15.39,1666339.0
2019-06-21,15.45,16.41,15.45,16.08,2291782.0
2019-06-24,15.97,16.25,15.67,15.81,1523171.0
2019-06-25,15.76,15.8,15.34,15.55,1354900.0
2019-06-26,15.5,15.55,15.25,15.37,950500.0
2019-06-27,16.91,16.91,15.52,15.71,2768257.0
2019-06-28,15.41,15.52,15.15,15.28,1811585.0
2019-07-01,15.42,15.61,15.32,15.57,1588828.0
2019-07-02,15.65,15.75,15.57,15.69,1210057.0
2019-07-03,15.65,15.68,15.3,15.37,890900.0
2019-07-04,15.37,15.52,15.28,15.33,781800.0
2019-07-05,15.48,15.48,15.28,15.35,556519.0
2019-07-08,15.39,15.39,14.9,15.01,1069227.0
2019-07-09,15.14,15.56,15.03,15.56,1205571.0
2019-07-10,15.53,15.75,15.43,15.64,1377200.0
2019-07-11,15.64,15.79,15.2,15.32,1037764.0
2019-07-12,15.22,15.41,15.11,15.28,1228064.0
2019-07-15,14.01,14.8,14.01,14.55,1029719.0
2019-07-16,14.5,14.95,14.5,14.9,1079002.0
2019-07-17,14.83,15.06,14.62,14.86,1001473.0
2019-07-18,14.94,15.0,14.61,14.67,944901.0
2019-07-19,14.61,14.93,14.61,14.61,634106.0
2019-07-22,14.69,14.69,14.15,14.16,954179.0
2019-07-23,14.16,14.24,13.91,13.99,1541789.0
2019-07-24,14.0,14.33,14.0,14.18,1236994.0
2019-07-25,14.23,14.25,14.08,14.16,801000.0
2019-07-26,14.1,14.25,14.03,14.22,756900.0
2019-07-29,14.19,14.23,14.03,14.1,789700.0
2019-07-30,14.01,14.23,14.01,14.16,547300.0
2019-07-31,14.38,14.38,14.03,14.07,671400.0
2019-08-01,14.11,14.11,14.0,14.03,526800.0
2019-08-02,13.91,13.91,13.7,13.86,1015345.0
2019-08-05,13.82,14.12,13.79,13.85,757100.0
2019-08-06,13.5,13.69,13.03,13.35,1016332.0
2019-08-07,13.45,13.55,13.21,13.21,452900.0
2019-08-08,13.39,13.47,13.25,13.34,535600.0
2019-08-09,13.34,13.58,13.16,13.36,621600.0
2019-08-12,13.4,13.42,13.18,13.34,663492.0
2019-08-13,13.29,13.3,13.05,13.1,642200.0
2019-08-14,13.28,13.39,13.2,13.21,667700.0
2019-08-15,13.03,13.19,12.95,13.13,692000.0
2019-08-16,13.14,13.29,13.09,13.24,560200.0
2019-08-19,13.43,14.56,13.3,14.56,3539949.0
2019-08-20,14.56,14.95,14.26,14.41,5550584.0
2019-08-21,14.28,14.45,14.12,14.26,2083330.0
2019-08-22,14.45,14.46,14.2,14.37,1606700.0
2019-08-23,14.47,14.47,14.19,14.2,1359560.0
2019-08-26,13.85,14.49,13.85,14.39,1865846.0
2019-08-27,14.39,15.08,14.39,14.83,2891400.0
2019-08-28,14.83,15.27,14.73,15.12,1981600.0
2019-08-29,14.96,15.09,14.77,14.97,1346300.0
2019-08-30,14.95,15.02,14.58,14.62,1829900.0
2019-09-02,14.5,14.87,14.5,14.7,1166186.0
2019-09-03,14.7,15.41,14.7,15.07,2281069.0
2019-09-04,15.03,15.03,14.76,14.84,1955239.0
2019-09-05,15.0,15.14,14.82,14.91,1838169.0
2019-09-06,14.82,15.03,14.8,14.91,1177000.0
2019-09-09,15.0,15.34,14.96,15.31,2058043.0
2019-09-10,15.31,15.54,15.13,15.16,1428630.0
2019-09-11,15.27,15.5,15.1,15.18,1785632.0
2019-09-12,15.45,15.45,14.91,15.11,1085800.0
2019-09-16,15.2,15.49,15.1,15.3,1891653.0
2019-09-17,15.2,15.45,14.7,15.01,1896100.0
2019-09-18,14.88,15.17,14.87,14.9,929473.0
2019-09-19,15.0,15.25,14.77,15.25,1296334.0
2019-09-20,15.42,16.11,15.23,15.78,3733832.0
2019-09-23,15.72,15.72,15.21,15.47,1878200.0
2019-09-24,15.47,15.65,15.34,15.55,1572300.0
2019-09-25,15.7,16.37,15.46,16.09,5012500.0
2019-09-26,16.3,16.88,15.81,15.92,6773343.0
2019-09-27,15.34,15.69,14.33,15.08,3093769.0
2019-09-30,14.8,15.22,14.6,14.62,1327738.0
2019-10-08,14.35,14.66,13.71,13.99,2048327.0
2019-10-09,13.85,14.28,13.72,14.07,967151.0
2019-10-10,14.22,14.25,13.94,14.08,1334119.0
2019-10-11,14.06,14.29,13.96,14.21,1498700.0
2019-10-14,14.16,14.47,14.16,14.31,1243764.0
2019-10-15,14.38,14.38,14.11,14.13,979256.0
2019-10-16,14.11,14.2,13.86,13.9,1031108.0
2019-10-17,13.77,14.03,13.77,13.9,730800.0
2019-10-18,13.84,14.02,13.61,13.67,972400.0
2019-10-21,13.62,14.06,13.42,14.02,1262816.0
2019-10-22,13.97,14.05,13.87,14.01,586385.0
2019-10-23,14.08,14.27,13.93,14.14,854272.0
2019-10-24,14.2,14.27,14.1,14.19,676085.0
2019-10-25,14.1,14.38,14.1,14.28,780511.0
2019-10-28,14.38,14.38,14.22,14.28,1144754.0
2019-10-29,14.3,14.34,13.99,14.0,928154.0
2019-10-30,13.99,13.99,13.68,13.75,704075.0
2019-10-31,13.71,13.96,13.6,13.76,686400.0
2019-11-01,13.7,14.03,13.56,14.0,626800.0
2019-11-04,14.0,14.11,13.8,13.96,735811.0
2019-11-05,13.85,13.96,13.67,13.89,709650.0
2019-11-06,13.96,13.98,13.68,13.9,528900.0
2019-11-07,13.93,13.98,13.71,13.94,485600.0
2019-11-08,13.97,14.15,13.94,14.04,633950.0
2019-11-11,13.99,13.99,13.68,13.76,653300.0
2019-11-12,13.66,13.75,13.38,13.65,609300.0
2019-11-13,13.66,13.75,13.53,13.59,420800.0
2019-11-14,13.5,13.72,13.37,13.44,783323.0
2019-11-15,13.41,13.47,13.16,13.17,689000.0
2019-11-18,13.15,13.29,13.06,13.11,802400.0
2019-11-19,13.12,13.28,13.06,13.27,732000.0
2019-11-20,13.25,13.35,13.13,13.18,463500.0
2019-11-21,13.18,13.25,13.1,13.19,477800.0
2019-11-22,13.23,13.55,13.19,13.51,1738300.0
2019-11-25,13.47,13.58,13.07,13.2,698891.0
2019-11-26,13.16,13.25,13.07,13.15,599233.0
2019-11-27,13.1,13.32,13.0,13.14,652900.0
2019-11-28,13.17,13.42,13.16,13.18,692179.0
2019-11-29,13.18,13.3,13.04,13.3,1525400.0
2019-12-02,13.29,13.38,13.17,13.31,662600.0
2019-12-03,13.23,13.49,13.15,13.47,738055.0
2019-12-04,13.47,13.57,13.36,13.48,518100.0
2019-12-05,13.5,14.55,13.42,13.85,2598552.0
2019-12-06,13.86,14.5,13.69,14.4,3356934.0
2019-12-09,14.37,15.08,14.22,14.94,3948625.0
2019-12-10,15.03,15.5,14.95,15.45,4049432.0
2019-12-11,15.5,15.58,15.0,15.12,2523630.0
2019-12-12,15.13,15.69,15.05,15.12,3547271.0
2019-12-13,14.86,15.27,14.86,15.09,1701477.0
2019-12-16,15.2,15.47,14.99,15.37,2001725.0
2019-12-17,16.44,16.44,15.2,15.21,4409284.0
2019-12-18,15.1,15.29,14.75,14.85,2566330.0
2019-12-19,14.83,15.09,14.77,14.82,1573336.0
2019-12-20,14.9,14.96,14.76,14.85,1037500.0
2019-12-23,14.83,15.19,14.67,14.99,1898400.0
2019-12-24,14.91,15.13,14.81,14.95,1033630.0
2019-12-25,14.95,14.98,14.86,14.98,693100.0
2019-12-26,15.0,15.06,14.81,14.97,736779.0
2019-12-27,14.99,14.99,14.81,14.94,880759.0
2019-12-30,14.93,16.3,14.79,16.01,4246600.0
2019-12-31,16.06,17.1,15.92,16.9,5106550.0
2020-01-02,18.59,18.59,18.59,18.59,1926891.0
2020-01-03,20.2,20.2,17.02,17.57,10917752.0
2020-01-06,16.62,17.0,15.81,16.85,8759983.0
2020-01-07,16.4,16.85,16.33,16.6,4952700.0
2020-01-08,16.61,17.1,16.47,16.68,4219238.0
2020-01-09,16.72,16.98,16.47,16.73,2692113.0
2020-01-10,16.9,16.92,16.18,16.46,2734037.0
2020-01-13,16.48,16.56,16.17,16.48,1974100.0
2020-01-14,16.48,16.51,16.14,16.22,1935100.0
2020-01-15,16.29,16.36,16.12,16.22,1499737.0
2020-01-16,16.22,17.49,16.13,17.4,6466298.0
2020-01-17,17.28,18.1,17.15,17.77,5246784.0
2020-01-20,17.77,17.77,17.42,17.53,2705983.0
2020-01-21,17.2,17.92,17.2,17.5,1996799.0
2020-01-22,17.2,18.5,17.2,18.37,4422440.0
2020-01-23,18.38,18.53,17.5,17.83,3032474.0
2020-02-03,16.05,16.05,16.05,16.05,144800.0
2020-02-04,14.45,16.05,14.45,15.72,3213100.0
2020-02-05,15.8,16.22,15.45,16.03,2257288.0
2020-02-06,15.87,16.25,15.7,16.05,1729453.0
2020-02-07,16.05,16.17,15.83,16.05,1197338.0
2020-02-10,16.0,16.25,15.82,16.19,1633675.0
2020-02-11,16.19,16.46,16.02,16.19,1383078.0
2020-02-12,16.19,16.87,16.1,16.62,2014890.0
2020-02-13,16.6,16.77,16.26,16.32,1333109.0
2020-02-14,16.4,16.4,16.06,16.1,1289528.0
2020-02-17,16.3,16.56,15.75,16.45,1805900.0
2020-02-18,16.51,17.36,16.3,17.36,2166064.0
2020-02-19,17.5,17.63,16.8,17.14,2239609.0
2020-02-20,17.25,17.3,16.92,17.29,1663600.0
2020-02-21,17.28,17.5,16.93,17.01,2518592.0
2020-02-24,16.95,17.01,16.64,16.86,1939887.0
2020-02-25,16.67,16.67,15.81,16.38,2913588.0
2020-02-26,16.1,16.51,16.01,16.11,1456960.0
2020-02-27,16.14,16.85,16.08,16.83,1766581.0
2020-02-28,16.43,17.78,16.0,17.53,5593139.0
2020-03-02,17.69,18.9,17.19,18.58,7027078.0
2020-03-03,18.53,18.96,18.01,18.08,5675403.0
2020-03-04,17.83,18.2,17.71,17.94,2615700.0
2020-03-05,18.13,19.59,18.13,19.02,5392151.0
2020-03-06,18.54,19.48,18.5,18.65,4084678.0
2020-03-09,18.4,19.6,16.79,19.05,5633462.0
2020-03-10,18.61,19.99,18.12,19.89,6143292.0
2020-03-11,19.97,21.88,19.75,21.43,8723059.0
2020-03-12,20.59,21.25,19.29,19.6,5697181.0
2020-03-13,18.1,21.5,18.1,21.0,6414034.0
2020-03-16,21.35,21.75,19.02,19.46,4901745.0
2020-03-17,19.6,20.85,18.6,20.46,3884786.0
2020-03-18,20.78,20.97,19.5,19.5,3578016.0
2020-03-19,19.01,20.28,18.7,19.73,2734733.0
2020-03-20,19.65,20.8,19.53,20.62,3211925.0
2020-03-23,20.01,20.51,19.53,19.53,2259542.0
2020-03-24,19.79,20.08,18.6,19.75,2290017.0
2020-03-25,19.99,20.47,19.77,20.33,2351566.0
2020-03-26,19.9,21.38,19.83,20.96,4578268.0
2020-03-27,20.96,21.3,20.16,20.2,2876090.0
2020-03-30,19.82,20.22,19.11,19.8,1663800.0
2020-03-31,19.65,20.95,19.62,20.93,3013109.0
2020-04-01,20.88,21.1,20.25,20.3,2062500.0
2020-04-02,19.83,20.88,19.83,20.83,1845858.0
2020-04-03,21.0,22.5,20.52,21.92,4424498.0
2020-04-07,22.11,23.75,21.75,22.69,4483936.0
2020-04-08,22.52,23.49,22.1,22.93,3358921.0
2020-04-09,23.58,23.58,22.6,22.69,2687600.0
2020-04-10,23.05,23.1,22.28,22.32,1976600.0
2020-04-13,22.01,22.41,21.32,21.95,1514600.0
2020-04-14,22.18,23.08,21.52,22.76,2191600.0
2020-04-15,22.75,23.13,22.36,22.37,1867100.0
2020-04-16,22.37,23.5,22.04,23.38,4049254.0
2020-04-17,23.45,23.68,23.02,23.13,2063300.0
2020-04-20,23.13,24.77,23.09,24.51,3661800.0
2020-04-21,24.54,25.3,23.94,24.2,3746400.0
2020-04-22,24.28,25.78,24.01,25.42,3869078.0
2020-04-23,25.37,26.73,25.14,26.4,4129300.0
2020-04-24,26.35,26.82,26.03,26.67,2876462.0
2020-04-27,25.06,25.8,24.0,24.0,3418900.0
2020-04-28,21.85,23.8,21.85,22.6,3907100.0
2020-04-29,22.49,24.67,22.33,24.25,3280300.0
2020-04-30,24.25,24.98,23.53,23.68,2546323.0
2020-05-06,23.39,23.67,22.61,23.63,1744100.0
2020-05-07,23.79,25.99,23.43,25.99,3254143.0
2020-05-08,26.92,26.92,25.4,25.86,3487969.0
2020-05-11,26.77,26.92,25.18,25.8,2225500.0
2020-05-12,25.95,25.99,25.0,25.53,1348493.0
2020-05-13,25.53,26.28,25.05,25.77,1533865.0
2020-05-14,25.9,25.93,25.32,25.57,1189300.0
2020-05-15,25.54,25.77,25.07,25.13,1214042.0
2020-05-18,25.38,25.49,24.5,24.65,1325800.0
2020-05-19,24.77,25.2,24.52,24.85,1312300.0
2020-05-20,24.86,25.16,24.26,24.4,1189700.0
2020-05-21,24.92,26.14,23.92,25.34,2140500.0
2020-05-22,25.1,25.77,23.67,23.83,1947076.0
2020-05-25,23.45,23.9,22.71,23.9,1392156.0
2020-05-26,23.59,23.77,23.0,23.6,839100.0
2020-05-27,23.63,24.2,23.11,23.29,782500.0
2020-05-28,22.98,23.54,22.9,23.19,680100.0
2020-05-29,23.19,23.7,22.86,23.2,931410.0
2020-06-01,23.0,23.85,23.0,23.33,1386450.0
2020-06-02,23.44,23.5,23.02,23.08,856310.0
2020-06-03,23.08,23.3,22.77,23.11,926220.0
2020-06-04,23.07,23.53,22.78,22.91,854500.0
2020-06-05,22.91,23.02,22.18,22.63,1047252.0
2020-06-08,22.63,23.0,21.85,22.08,1146000.0
2020-06-09,22.08,22.47,21.33,22.45,1994962.0
2020-06-10,22.46,23.48,22.01,22.04,1593410.0
2020-06-11,21.9,22.14,21.52,21.53,1134200.0
2020-06-12,21.38,21.4,21.05,21.12,996500.0
2020-06-15,21.18,22.19,21.18,21.51,1421600.0
2020-06-16,21.99,21.99,21.44,21.73,584800.0
2020-06-17,21.68,22.61,21.68,22.41,1254913.0
2020-06-18,22.41,22.58,22.1,22.49,840200.0
2020-06-19,22.49,22.86,22.3,22.84,805500.0
2020-06-22,22.84,23.97,22.84,23.91,1702806.0
2020-06-23,23.93,24.3,23.39,23.78,1116356.0
2020-06-24,23.69,23.98,23.37,23.48,1009900.0
2020-06-29,23.48,23.76,23.0,23.18,948300.0
2020-06-30,23.4,23.42,23.13,23.16,917674.0
2020-07-01,23.27,23.46,22.55,22.77,1134800.0
2020-07-02,22.61,23.0,22.13,22.85,1166800.0
2020-07-03,22.83,23.07,22.67,22.73,1208292.0
2020-07-06,22.73,23.29,22.66,23.17,2105200.0
2020-07-07,23.25,24.2,23.25,23.78,2377424.0
2020-07-08,23.8,24.7,23.58,24.33,1954837.0
2020-07-09,24.4,24.77,23.9,24.51,2282424.0
2020-07-10,24.6,26.96,24.12,26.96,3911512.0
2020-07-13,28.09,29.65,26.4,28.85,4405125.0
2020-07-14,28.6,29.19,27.6,28.2,2573820.0
2020-07-15,28.21,29.21,28.01,28.42,2425104.0
2020-07-16,28.15,29.9,27.3,27.5,3313600.0
2020-07-17,27.99,29.45,27.99,29.18,3074100.0
2020-07-20,30.11,31.06,29.0,30.93,3258984.0
2020-07-21,31.5,31.5,29.56,29.74,2598600.0
2020-07-22,29.71,30.3,28.82,29.85,1552710.0
2020-07-23,29.56,30.93,29.31,30.56,1979310.0
2020-07-24,30.5,30.5,29.31,29.65,1489760.0
2020-07-27,29.63,29.99,28.42,28.68,1322190.0
2020-07-28,28.6,29.68,28.24,28.75,1086100.0
2020-07-29,28.6,29.41,28.31,29.2,951899.0
2020-07-30,29.35,29.42,28.45,28.55,1116950.0
2020-07-31,28.73,29.3,28.4,29.3,1044700.0
2020-08-03,29.7,30.85,29.18,30.68,1713681.0
2020-08-04,30.57,30.82,30.16,30.47,1063379.0
2020-08-05,30.22,33.0,30.22,32.74,2414300.0
2020-08-06,33.0,33.27,32.4,32.98,1528206.0
2020-08-07,32.82,32.91,30.0,30.23,2332400.0
2020-08-10,30.01,30.42,28.92,29.4,1748054.0
2020-08-11,29.86,29.86,28.71,28.74,925681.0
2020-08-12,28.5,29.06,27.39,29.05,1137641.0
2020-08-13,29.11,29.6,28.69,29.12,1029600.0
2020-08-14,28.73,29.38,28.68,29.15,574100.0
2020-08-17,29.44,30.45,29.02,30.0,1354392.0
2020-08-18,29.99,29.99,29.37,29.78,797400.0
2020-08-19,29.78,29.9,28.09,28.09,1385500.0
2020-08-20,28.05,28.58,27.72,28.0,1049540.0
2020-08-21,28.01,28.47,27.43,27.63,976500.0
2020-08-24,27.86,27.97,26.9,27.37,1778625.0
2020-08-25,27.37,27.49,26.71,26.96,1034000.0
2020-08-26,27.05,27.07,25.21,25.79,2026200.0
2020-08-27,26.21,26.78,25.44,26.34,1555398.0
2020-08-28,26.34,26.34,25.46,26.1,2190513.0
2020-08-31,25.9,27.57,25.9,26.71,2818400.0
2020-09-01,26.72,27.85,25.96,27.17,2184500.0
2020-09-02,27.61,27.96,26.81,27.64,1185800.0
2020-09-03,27.46,27.79,26.28,26.68,1294300.0
2020-09-04,26.04,27.45,25.28,27.45,1247600.0
2020-09-07,27.45,27.92,26.55,26.7,1175500.0
2020-09-08,26.89,27.6,26.43,27.16,1266543.0
2020-09-09,27.11,27.34,26.17,26.33,1266500.0
2020-09-10,26.84,26.84,25.0,25.03,1315500.0
2020-09-11,24.99,25.59,24.21,25.55,1175867.0
2020-09-14,26.0,26.6,25.05,25.55,911600.0
2020-09-15,25.55,25.86,25.16,25.47,469121.0
2020-09-16,25.45,25.62,25.1,25.19,441564.0
2020-09-17,25.2,25.64,24.75,25.3,739300.0
2020-09-18,25.29,25.75,25.03,25.65,604600.0
2020-09-21,26.56,26.56,24.5,24.81,1293743.0
2020-09-22,25.2,25.2,24.26,24.43,777988.0
2020-09-23,24.45,24.69,23.88,24.25,821731.0
2020-09-24,24.25,24.25,23.69,23.7,583300.0
2020-09-25,23.77,24.18,23.25,23.6,657188.0
2020-09-28,23.6,23.96,23.09,23.09,559906.0
2020-09-29,23.21,23.99,22.6,23.62,851895.0
2020-09-30,23.63,25.34,23.45,24.49,1048855.0
2020-10-09,24.98,25.05,24.24,24.26,768120.0
2020-10-12,24.3,24.74,24.05,24.73,638500.0
2020-10-13,24.46,25.05,24.42,24.45,614900.0
2020-10-14,24.45,24.58,24.0,24.03,461900.0
2020-10-15,23.81,24.13,23.6,23.78,541269.0
2020-10-16,23.78,23.95,23.46,23.48,417692.0
2020-10-19,23.56,24.05,22.74,22.91,1131100.0
2020-10-20,22.66,23.2,22.36,23.02,785013.0
2020-10-21,23.09,23.42,22.81,22.92,822979.0
2020-10-22,22.99,23.06,22.21,22.93,570913.0
2020-10-23,23.39,23.39,22.56,22.84,415948.0
2020-10-26,22.88,22.88,22.28,22.38,471800.0
2020-10-27,22.6,23.76,22.3,23.14,904792.0
2020-10-28,23.1,23.57,22.75,23.45,465513.0
2020-10-29,23.45,24.55,22.76,24.26,1731200.0
2020-10-30,24.39,25.18,23.87,24.85,2457692.0
2020-11-02,25.16,25.16,24.28,24.7,1406275.0
2020-11-03,24.48,24.76,24.3,24.52,643060.0
2020-11-04,24.53,24.69,23.8,24.1,1087700.0
2020-11-05,24.14,24.53,23.11,23.72,1433688.0
2020-11-06,23.66,23.99,22.88,23.4,1212188.0
2020-11-09,23.4,23.93,23.06,23.49,978388.0
2020-11-10,23.6,23.87,22.6,22.92,1006000.0
2020-11-11,22.9,23.3,22.3,23.18,533700.0
2020-11-12,23.18,23.36,22.77,23.06,522577.0
2020-11-13,22.99,23.19,22.63,22.83,475400.0
2020-11-16,22.45,22.99,22.45,22.99,314700.0
2020-11-17,22.95,22.95,22.41,22.55,409200.0
2020-11-18,22.9,23.09,22.6,22.78,299300.0
2020-11-19,22.77,22.98,22.36,22.86,292500.0
2020-11-20,22.85,23.15,22.8,22.95,278600.0
2020-11-23,23.32,23.7,23.0,23.02,608800.0
2020-11-24,23.03,23.16,22.76,22.83,392400.0
2020-11-25,23.0,23.0,21.86,22.06,830600.0
2020-11-26,22.0,22.64,21.83,22.5,628660.0
2020-11-27,22.45,22.6,21.9,22.54,567000.0
2020-11-30,22.37,22.97,22.26,22.66,405200.0
2020-12-01,22.66,22.85,22.5,22.64,1053700.0
2020-12-02,22.68,24.9,22.23,24.9,2086899.0
2020-12-03,24.67,25.0,23.54,24.91,2684503.0
2020-12-04,24.5,24.99,24.11,24.7,1444900.0
2020-12-07,24.73,26.2,24.53,25.58,1852858.0
2020-12-08,25.45,26.12,25.24,25.56,1537422.0
2020-12-09,25.69,25.69,24.8,24.82,807479.0
2020-12-10,26.0,26.0,24.54,24.82,1555958.0
2020-12-11,24.93,25.27,24.1,24.1,1043900.0
2020-12-14,24.3,25.26,23.88,25.01,993011.0
2020-12-15,24.94,25.3,24.4,24.6,612700.0
2020-12-16,24.0,25.2,23.9,24.98,659635.0
2020-12-17,24.98,25.0,24.25,24.95,575500.0
2020-12-18,24.22,24.99,24.22,24.42,526412.0
2020-12-21,24.45,25.49,24.0,25.38,1295900.0
2020-12-22,25.1,25.35,24.14,24.27,1051681.0
2020-12-23,24.37,25.31,24.37,25.18,1187800.0
2020-12-24,25.26,25.7,24.9,25.53,1698887.0
2020-12-25,25.53,26.49,25.0,26.3,1878333.0
2020-12-28,26.26,26.26,25.5,25.63,1251000.0
2020-12-29,25.6,25.88,24.19,24.24,1137642.0
2020-12-30,24.01,24.47,23.71,23.97,900487.0
2020-12-31,23.8,24.22,23.39,23.41,850588.0
2021-01-04,23.65,24.44,23.1,24.05,658777.0
2021-01-05,23.9,25.8,23.8,25.53,1604900.0
2021-01-06,25.56,25.88,24.69,24.81,1026800.0
2021-01-07,24.74,24.82,23.65,23.8,886764.0
2021-01-08,23.75,24.06,23.5,23.53,715181.0
2021-01-11,23.5,23.65,22.33,22.35,1051000.0
2021-01-12,22.31,23.2,22.3,22.97,433700.0
2021-01-13,22.9,22.91,21.5,21.55,903734.0
2021-01-14,21.55,22.05,19.99,20.55,1630100.0
2021-01-15,20.31,20.55,19.95,20.43,898900.0
2021-01-18,20.32,21.3,20.14,20.9,730500.0
2021-01-19,20.5,21.28,20.45,20.88,457900.0
2021-01-20,20.88,21.66,20.76,21.4,521955.0
2021-01-21,21.53,21.65,20.85,20.86,655706.0
2021-01-22,20.8,20.96,20.26,20.26,558900.0
2021-01-25,20.28,20.51,19.54,19.9,643687.0
2021-01-26,19.9,19.98,18.9,18.99,1101404.0
2021-01-27,19.31,19.5,18.45,18.75,1192500.0
2021-01-28,18.56,20.63,18.28,20.63,2961879.0
2021-01-29,20.98,22.69,20.4,22.69,2349649.0
2021-02-01,24.0,24.96,23.7,24.96,3805471.0
2021-02-02,25.55,27.46,25.38,27.46,3412079.0
2021-02-03,24.8,30.0,24.71,24.9,10286937.0
2021-02-04,22.96,27.0,22.96,25.81,9152708.0
2021-02-05,25.34,28.14,25.01,26.67,7242684.0
2021-02-08,26.52,28.14,25.8,26.24,6436900.0
2021-02-09,26.97,27.25,25.04,26.26,4145392.0
2021-02-10,26.53,28.4,25.79,28.05,5019120.0
2021-02-18,27.82,28.5,27.19,28.17,3771057.0
2021-02-19,28.17,28.17,26.9,27.48,2576579.0
2021-02-22,27.5,28.9,26.82,28.89,3651290.0
2021-02-23,29.2,29.97,28.49,28.71,4107210.0
2021-02-24,28.0,29.62,27.62,28.49,2914108.0
2021-02-25,28.9,29.5,28.35,29.3,2708271.0
2021-02-26,29.03,32.23,28.67,32.23,5189562.0
2021-03-01,31.78,32.52,30.7,31.46,4667676.0
2021-03-02,31.1,34.48,31.01,34.17,5079427.0
2021-03-03,33.95,37.59,33.75,37.59,5060845.0
2021-03-04,36.8,40.59,36.22,37.06,6488544.0
2021-03-05,37.0,37.59,33.35,33.35,4844681.0
2021-03-08,30.58,35.0,30.58,34.31,6358144.0
2021-03-09,33.9,34.38,30.88,31.69,4877517.0
2021-03-10,32.33,32.88,31.5,32.29,2226594.0
2021-03-11,33.0,33.33,31.05,33.2,2250689.0
2021-03-12,33.65,35.84,32.0,35.29,3187110.0
2021-03-15,35.42,35.42,32.15,32.55,3172210.0
2021-03-16,33.07,34.37,32.7,33.97,2731500.0
2021-03-17,33.16,35.06,32.8,34.5,2684540.0
2021-03-18,34.87,34.87,33.25,33.5,1948500.0
2021-03-19,33.22,34.49,32.24,32.61,2048100.0
2021-03-22,33.0,34.43,32.61,33.93,2772600.0
2021-03-23,33.81,34.34,32.38,33.0,2117200.0
2021-03-24,33.0,33.53,31.19,31.41,2747700.0
2021-03-25,30.94,32.68,28.75,29.55,5430079.0
2021-03-26,29.64,30.0,28.49,28.98,3435549.0
2021-03-29,29.06,29.57,28.75,28.96,2010127.0
2021-03-30,28.75,29.23,28.11,28.34,2032450.0
2021-03-31,29.03,30.68,27.89,30.1,2637600.0
2021-04-01,29.96,32.16,29.68,31.38,2731437.0
2021-04-02,31.27,32.01,30.91,31.79,1769786.0
2021-04-06,31.58,34.97,31.5,34.97,5445283.0
2021-04-07,35.07,36.68,34.23,36.05,4671026.0
2021-04-08,35.88,36.75,35.66,36.2,2403500.0
2021-04-09,36.77,36.95,35.1,35.28,2995200.0
2021-04-12,35.44,35.59,31.75,31.88,5962800.0
2021-04-13,32.06,32.06,28.88,29.69,5571100.0
2021-04-14,29.92,30.28,28.36,28.71,3162900.0
2021-04-15,28.51,29.1,28.1,28.94,2587260.0
2021-04-16,28.95,31.59,28.84,30.11,3958900.0
2021-04-19,30.43,30.69,29.56,29.85,1919000.0
2021-04-20,30.21,31.25,29.59,30.19,2178526.0
2021-04-21,30.01,30.4,28.84,29.25,2357100.0
2021-04-22,29.5,32.09,28.64,31.4,3966277.0
2021-04-23,31.52,31.52,29.68,29.88,2470600.0
2021-04-26,30.44,30.44,29.21,29.22,1379000.0
2021-04-27,29.02,30.27,28.25,29.43,1791000.0
2021-04-28,29.25,29.84,28.88,29.43,901600.0
2021-04-29,28.81,29.4,28.81,28.88,971326.0
2021-04-30,28.91,30.3,28.91,29.44,1252226.0
2021-05-06,29.45,30.16,28.72,28.79,1273500.0
2021-05-07,28.8,29.57,27.72,28.85,1295000.0
2021-05-10,29.29,29.29,27.75,27.96,1307900.0
2021-05-11,27.75,28.88,27.75,28.54,873763.0
2021-05-12,28.54,28.54,27.9,27.92,736400.0
2021-05-13,27.69,28.16,27.0,27.17,1256300.0
2021-05-14,27.0,27.38,26.62,26.8,1468400.0
2021-05-17,26.89,26.89,25.2,25.95,2394100.0
2021-05-18,26.1,26.48,25.5,26.45,1319600.0
2021-05-19,26.4,28.5,26.28,27.11,3396300.0
2021-05-20,26.9,26.91,25.8,26.02,1770517.0
2021-05-21,25.93,26.51,25.86,25.95,868500.0
2021-05-24,25.95,26.36,24.76,25.0,2011900.0
2021-05-25,25.0,25.08,24.32,24.8,1779908.0
2021-05-26,24.78,25.4,24.53,25.17,1018800.0
2021-05-27,25.17,25.38,24.91,25.0,1243600.0
2021-05-28,26.0,27.5,26.0,27.5,3821554.0
2021-05-31,29.63,29.63,27.79,27.88,5290913.0
2021-06-01,28.16,28.18,27.12,27.63,2071716.0
2021-06-02,27.63,27.92,27.44,27.64,1137375.0
2021-06-03,27.93,28.45,27.35,28.0,1666326.0
2021-06-04,27.3,27.51,26.37,26.4,1398567.0
2021-06-07,26.5,26.87,25.82,26.18,1349575.0
2021-06-08,26.68,26.79,26.15,26.7,984400.0
2021-06-09,26.88,28.99,26.35,28.1,2315675.0
2021-06-10,27.69,28.39,27.4,27.74,1402900.0
2021-06-11,27.94,28.32,27.72,28.09,1227000.0
2021-06-15,27.0,27.98,27.0,27.25,929533.0
2021-06-16,27.2,27.58,26.5,26.71,878400.0
2021-06-17,26.7,27.33,26.05,27.32,1125033.0
2021-06-18,27.76,27.76,26.63,26.85,1514792.0
2021-06-21,26.71,29.54,26.54,29.54,2674558.0
2021-06-22,30.26,30.85,28.69,28.88,3908909.0
2021-06-23,29.11,29.27,28.58,28.73,1519533.0
2021-06-24,28.63,29.2,28.33,28.4,1795800.0
2021-06-25,28.63,30.5,27.61,28.03,3525076.0
2021-06-28,27.75,28.3,27.35,27.94,1699996.0
2021-06-29,27.97,28.3,27.13,27.18,1670375.0
2021-06-30,27.16,27.65,27.16,27.33,889292.0
2021-07-01,27.33,27.58,26.8,26.88,1225334.0
2021-07-02,26.67,27.58,26.67,27.2,879400.0
2021-07-05,27.18,28.29,27.18,27.48,1263500.0
2021-07-06,27.55,27.88,27.0,27.48,908800.0
2021-07-07,27.13,27.76,27.13,27.46,892100.0
2021-07-08,27.72,28.93,27.32,28.7,2939925.0
2021-07-09,28.84,28.97,28.29,28.58,2232527.0
2021-07-12,28.6,28.6,27.6,27.9,1759758.0
2021-07-13,27.85,28.5,27.66,28.16,1351309.0
2021-07-14,28.4,28.88,28.0,28.43,1670109.0
2021-07-15,28.45,28.82,27.55,28.47,1479958.0
2021-07-16,28.47,28.78,28.0,28.3,970851.0
2021-07-19,28.01,28.49,27.66,27.74,1508300.0
2021-07-20,27.6,28.8,27.38,28.37,1204458.0
2021-07-21,28.03,28.8,28.03,28.37,1004734.0
2021-07-22,28.5,28.7,28.03,28.18,794100.0
2021-07-23,28.28,28.32,27.5,27.52,1198200.0
2021-07-26,27.88,27.88,26.52,26.92,1466000.0
2021-07-27,27.0,27.4,25.36,25.46,1471000.0
2021-07-28,25.15,25.69,24.26,25.25,1154434.0
2021-07-29,25.46,26.48,25.14,26.21,825025.0
2021-07-30,26.5,26.8,25.98,26.49,1078634.0
2021-08-02,26.4,26.98,26.01,26.72,955467.0
2021-08-03,26.62,27.11,26.38,26.45,605499.0
2021-08-04,26.46,27.09,24.27,26.93,930000.0
2021-08-05,26.52,26.8,26.2,26.4,661138.0
2021-08-06,26.45,26.58,25.4,25.91,1014963.0
2021-08-09,25.91,26.84,25.52,26.56,966441.0
2021-08-10,26.55,27.88,26.12,27.61,1540500.0
2021-08-11,27.87,28.15,27.52,27.91,1273234.0
2021-08-12,27.86,28.28,27.68,27.89,1117216.0
2021-08-13,27.74,28.08,27.21,27.46,1171334.0
2021-08-16,27.1,27.88,27.0,27.22,749000.0
2021-08-17,27.17,27.22,25.86,25.86,1054000.0
2021-08-18,25.86,26.46,25.66,25.8,803200.0
2021-08-19,26.29,26.29,25.4,25.65,645500.0
2021-08-20,25.41,25.77,25.03,25.25,715000.0
2021-08-23,25.37,25.87,25.0,25.49,886300.0
2021-08-24,25.59,25.64,24.85,25.05,1035300.0
2021-08-25,25.06,25.26,24.52,24.8,788900.0
2021-08-26,24.8,25.15,24.6,24.71,871800.0
2021-08-27,24.65,24.99,23.54,23.98,1001000.0
2021-08-30,24.0,24.4,23.3,23.38,1718345.0
2021-08-31,23.54,23.58,22.57,22.57,1847500.0
2021-09-01,22.67,22.72,21.88,22.35,1943000.0
2021-09-02,22.06,22.64,22.06,22.4,890400.0
2021-09-03,22.42,23.5,22.36,22.76,1452300.0
2021-09-06,22.8,23.23,21.78,22.56,2075001.0
2021-09-07,22.5,22.88,22.16,22.31,1198900.0
2021-09-08,22.44,23.0,22.31,22.5,1889000.0
2021-09-09,22.55,22.55,22.04,22.25,1187000.0
2021-09-10,22.25,22.79,22.01,22.12,1854500.0
2021-09-13,22.2,22.2,21.52,21.6,1195699.0
2021-09-14,21.65,21.87,21.2,21.4,1247600.0
2021-09-15,21.32,21.57,20.81,21.5,884700.0
2021-09-16,21.53,21.57,20.6,20.74,1188100.0
2021-09-17,20.74,20.91,20.28,20.67,1102900.0
2021-09-22,20.66,20.83,20.35,20.51,1034300.0
2021-09-23,20.66,22.0,20.66,21.84,2243299.0
2021-09-24,21.83,21.83,21.11,21.27,1330016.0
2021-09-27,21.49,21.55,20.4,20.84,1136700.0
2021-09-28,21.0,21.32,20.27,20.89,614700.0
2021-09-29,20.61,20.88,19.96,20.15,843200.0
2021-09-30,20.2,20.83,20.09,20.69,755000.0
2021-10-08,20.58,21.21,20.36,21.08,873600.0
2021-10-11,21.15,21.38,20.51,21.0,593700.0
2021-10-12,21.07,21.1,20.21,20.48,644600.0
2021-10-13,20.55,20.55,20.12,20.41,502500.0
2021-10-14,20.41,20.45,20.02,20.28,419100.0
2021-10-15,20.28,20.4,20.14,20.18,418300.0
2021-10-18,20.28,20.6,20.07,20.41,698916.0
2021-10-19,20.41,20.99,20.25,20.57,643600.0
2021-10-20,20.65,20.74,20.35,20.5,481300.0
2021-10-21,20.4,20.4,19.0,20.18,733900.0
2021-10-22,20.0,20.25,19.81,20.1,423200.0
2021-10-25,20.09,20.26,19.91,20.22,353600.0
2021-10-26,20.03,20.38,20.0,20.14,322200.0
2021-10-27,20.0,20.07,19.35,19.6,660200.0
2021-10-28,19.16,19.5,18.61,19.17,436775.0
2021-10-29,19.18,19.38,18.89,19.08,573200.0
2021-11-01,19.12,20.99,18.83,20.99,2533649.0
2021-11-02,21.26,22.49,21.0,21.05,3722991.0
2021-11-03,21.06,21.16,20.35,20.64,2255866.0
2021-11-04,20.64,21.36,20.64,21.3,1818000.0
2021-11-05,21.31,21.86,21.0,21.65,1968916.0
2021-11-08,21.78,21.84,21.2,21.29,1156300.0
2021-11-09,21.49,21.92,21.35,21.7,929765.0
2021-11-10,21.75,21.79,21.22,21.65,805000.0
2021-11-11,21.6,21.79,21.32,21.51,805600.0
2021-11-12,21.51,21.88,21.4,21.54,913600.0
2021-11-15,21.67,21.93,21.46,21.88,1437600.0
2021-11-16,21.88,21.89,21.41,21.42,1156800.0
2021-11-17,21.41,22.11,21.41,21.77,889900.0
2021-11-18,21.52,21.77,21.44,21.45,776433.0
2021-11-19,21.45,22.93,21.15,22.55,2264445.0
2021-11-22,22.79,23.15,22.06,22.18,1555057.0
2021-11-23,22.27,22.64,21.85,21.86,988000.0
2021-11-24,21.86,22.28,21.4,22.13,1100200.0
2021-11-25,22.2,22.2,21.68,21.75,752800.0
2021-11-26,21.66,22.09,21.52,21.96,1154199.0
2021-11-29,21.52,21.79,21.18,21.51,1109700.0
2021-11-30,21.6,22.0,21.26,21.41,914000.0
2021-12-01,21.41,21.7,21.23,21.45,1106583.0
2021-12-02,21.63,23.6,21.45,23.15,7246652.0
2021-12-03,22.37,22.5,21.5,21.84,4653973.0
2021-12-06,21.84,22.0,21.02,21.46,2695300.0
2021-12-07,21.4,21.64,20.7,21.1,1684069.0
2021-12-08,21.16,21.22,20.82,21.18,857545.0
2021-12-09,21.29,21.29,21.02,21.15,1183600.0
2021-12-10,21.01,21.44,20.85,21.4,1183733.0
2021-12-13,21.56,21.77,21.24,21.45,1311211.0
2021-12-14,21.39,23.38,21.23,22.74,3805833.0
2021-12-15,22.76,23.79,22.46,23.6,3469998.0
2021-12-16,23.55,23.8,23.18,23.4,2380998.0
2021-12-17,23.4,23.78,23.12,23.26,1490883.0
2021-12-20,23.26,23.41,22.75,22.86,1245100.0
2021-12-21,23.38,23.7,22.7,23.03,1246100.0
2021-12-22,23.02,23.39,22.05,22.83,769200.0
2021-12-23,23.05,23.09,22.51,22.71,667000.0
2021-12-24,22.77,24.37,22.7,23.4,3396547.0
2021-12-27,23.2,23.87,22.92,23.34,2402200.0
2021-12-28,23.18,23.95,23.0,23.72,1610500.0
2021-12-29,23.79,23.86,23.04,23.09,1929333.0
2021-12-30,23.09,23.26,22.8,22.82,1175800.0
2021-12-31,22.94,24.2,22.72,23.2,1508000.0
2022-01-04,22.99,23.99,22.99,23.56,1229000.0
2022-01-05,23.72,23.72,22.9,22.9,1009900.0
2022-01-06,22.86,23.44,22.55,23.11,922000.0
2022-01-07,23.05,23.22,22.39,22.43,1171739.0
2022-01-10,22.46,22.8,22.24,22.49,771659.0
2022-01-11,22.79,22.79,22.08,22.18,1063859.0
2022-01-12,22.29,23.27,22.29,22.69,1331000.0
2022-01-13,22.78,23.05,22.45,22.49,881800.0
2022-01-14,22.4,22.72,22.24,22.26,638000.0
2022-01-17,22.21,22.59,22.14,22.27,708366.0
2022-01-18,22.27,22.62,21.8,21.82,989900.0
2022-01-19,21.82,22.36,21.5,21.9,942200.0
2022-01-20,21.9,22.05,21.31,21.56,1019981.0
2022-01-21,21.34,21.64,20.89,21.23,1317000.0
2022-01-24,20.83,21.3,20.61,20.68,942380.0
2022-01-25,20.68,21.0,20.1,20.18,748900.0
2022-01-26,20.18,20.42,19.98,20.31,446281.0
2022-01-27,20.76,20.76,19.52,19.52,669700.0
2022-01-28,20.0,20.1,19.3,20.1,628100.0
2022-02-07,20.45,20.85,20.15,20.68,988800.0
2022-02-08,20.9,21.14,20.56,20.89,705900.0
2022-02-09,20.89,21.07,20.56,21.03,586369.0
2022-02-10,21.03,21.03,20.66,20.77,496200.0
2022-02-11,20.77,21.25,20.25,20.44,449500.0
2022-02-14,20.3,20.68,20.18,20.5,377300.0
2022-02-15,20.46,20.69,20.22,20.5,551600.0
2022-02-16,20.5,20.85,20.4,20.76,652077.0
2022-02-17,20.99,21.15,20.52,20.69,622800.0
2022-02-18,20.79,21.6,20.46,21.1,835100.0
2022-02-21,21.11,22.05,20.85,21.59,1186400.0
2022-02-22,21.51,21.73,21.06,21.46,800749.0
2022-02-23,21.49,21.61,21.39,21.42,613000.0
2022-02-24,21.42,21.54,20.5,20.81,992000.0
2022-02-25,20.81,21.6,20.81,21.04,824709.0
2022-02-28,21.07,21.4,20.6,20.75,727400.0
2022-03-01,20.89,21.1,20.75,20.91,526700.0
2022-03-02,20.91,21.31,20.66,21.17,650800.0
2022-03-03,21.21,21.3,20.91,21.0,528891.0
2022-03-04,21.03,21.16,20.81,20.98,703200.0
2022-03-07,20.98,21.01,20.4,20.56,706800.0
2022-03-08,20.56,22.6,20.34,20.41,1382409.0
2022-03-09,20.08,20.34,19.03,19.89,1269401.0
2022-03-10,19.95,20.56,19.95,20.23,789409.0
2022-03-11,20.16,20.44,19.62,20.36,638500.0
2022-03-14,20.29,20.29,19.53,19.53,510400.0
2022-03-15,19.76,19.9,18.48,18.67,913400.0
2022-03-16,18.69,19.04,18.38,18.85,888550.0
2022-03-17,19.15,19.2,18.35,18.93,901582.0
2022-03-18,18.88,19.15,18.68,19.15,560200.0
2022-03-21,19.15,19.26,18.89,19.17,461500.0
2022-03-22,19.16,19.39,18.96,19.24,474000.0
2022-03-23,19.38,19.54,19.13,19.22,400300.0
2022-03-24,19.21,19.33,18.81,19.0,761000.0
2022-03-25,19.0,19.26,18.86,18.9,469516.0
2022-03-28,18.88,19.0,18.44,18.84,429000.0
2022-03-29,18.97,18.97,18.63,18.77,230382.0
2022-03-30,18.77,19.18,18.63,18.85,432426.0
2022-03-31,18.86,19.13,18.66,18.9,548299.0
2022-04-01,18.9,18.91,18.5,18.91,512684.0
2022-04-06,18.91,19.09,18.75,18.96,572725.0
2022-04-07,18.99,19.15,18.7,18.88,951683.0
2022-04-08,18.9,19.15,18.68,18.88,680800.0
2022-04-11,18.64,18.64,18.1,18.36,641100.0
2022-04-12,18.34,18.91,18.18,18.62,616800.0
2022-04-13,18.37,18.6,18.27,18.32,497100.0
2022-04-14,18.4,18.5,18.0,18.13,680900.0
2022-04-15,18.13,18.13,17.46,17.9,1115700.0
2022-04-18,17.56,17.74,17.36,17.7,556700.0
2022-04-19,17.63,17.83,17.26,17.44,555050.0
2022-04-20,17.49,17.8,17.4,17.48,545382.0
2022-04-21,17.45,17.45,16.7,17.07,821600.0
2022-04-22,16.86,17.14,16.63,16.87,476300.0
2022-04-25,16.87,16.88,15.18,15.66,847705.0
2022-04-26,15.6,15.76,14.09,14.09,2175200.0
2022-04-27,13.66,14.13,13.14,13.95,1107600.0
2022-04-28,13.99,14.74,13.4,13.99,1382900.0
2022-04-29,13.86,14.77,13.85,14.66,910199.0
2022-05-05,14.67,15.5,14.38,15.36,1096200.0
2022-05-06,15.0,16.5,15.0,16.3,1736300.0
2022-05-09,16.28,17.93,16.23,17.93,1163800.0
2022-05-10,19.33,19.52,17.05,17.48,3517500.0
2022-05-11,17.2,17.46,16.86,17.09,1754099.0
2022-05-12,16.85,17.32,16.69,16.97,1083005.0
2022-05-13,17.06,17.5,16.98,17.14,808000.0
2022-05-16,17.14,17.29,16.85,16.87,551000.0
2022-05-17,17.14,17.5,16.75,17.19,766800.0
2022-05-18,17.31,17.6,16.96,17.15,1289331.0
2022-05-19,17.15,17.45,16.7,17.11,883031.0
2022-05-20,17.12,17.46,17.11,17.3,998200.0
2022-05-23,17.42,17.68,17.21,17.54,1019100.0
2022-05-24,17.6,17.82,16.76,16.76,915700.0
2022-05-25,16.7,17.38,16.69,17.29,929700.0
2022-05-26,17.47,17.5,16.9,17.02,694396.0
2022-05-27,17.04,17.19,16.8,16.92,554715.0
2022-05-30,16.78,17.21,16.78,17.15,622400.0
2022-05-31,17.2,17.29,16.77,17.15,693405.0
2022-06-01,17.28,18.2,17.0,17.96,1590305.0
2022-06-02,17.94,19.76,17.6,19.76,1927716.0
2022-06-06,19.91,20.79,19.65,20.3,4497332.0
2022-06-07,20.0,21.35,19.89,20.62,2961615.0
2022-06-08,20.3,20.31,19.51,19.77,1808800.0
2022-06-09,19.89,20.0,19.08,19.58,1231500.0
2022-06-10,19.61,21.54,19.39,21.54,3268800.0
2022-06-13,21.53,21.95,21.0,21.15,2445600.0
2022-06-14,21.24,22.12,20.92,22.0,2364917.0
2022-06-15,22.03,22.05,21.2,21.48,1527517.0
2022-06-16,21.48,21.87,21.32,21.79,1170849.0
2022-06-17,21.57,22.22,21.4,22.14,1366149.0
2022-06-20,22.28,22.55,21.88,21.99,1241100.0
2022-06-21,22.23,22.65,21.86,22.4,1881400.0
2022-06-22,22.21,23.16,22.04,22.7,1462216.0
2022-06-23,22.48,23.58,22.48,23.4,1767428.0
2022-06-24,23.11,24.2,22.73,22.85,2551000.0
2022-06-27,23.0,23.0,22.33,22.6,1744400.0
2022-06-28,22.6,22.88,22.1,22.37,1594500.0
2022-06-29,22.35,22.35,21.7,21.74,1298300.0
2022-06-30,21.95,22.16,21.6,21.6,1083900.0
2022-07-01,21.64,22.8,21.58,21.96,1688400.0
2022-07-04,21.96,22.73,21.55,22.48,1221200.0
2022-07-05,22.4,22.77,22.06,22.25,768800.0
2022-07-06,22.41,22.68,21.95,22.3,622500.0
2022-07-07,22.4,22.7,22.23,22.65,760600.0
2022-07-08,22.64,23.3,22.22,22.8,1298828.0
2022-07-11,22.49,23.0,22.04,22.63,917300.0
2022-07-12,22.6,22.99,21.89,21.99,1048754.0
2022-07-13,21.67,22.43,21.56,22.09,944000.0
2022-07-14,22.08,22.58,21.1,21.35,2331680.0
2022-07-15,21.22,21.44,20.8,21.08,1257117.0
2022-07-18,21.36,22.19,21.08,21.75,1944300.0
2022-07-19,21.96,22.1,21.26,21.55,1721900.0
2022-07-20,21.77,21.98,21.4,21.64,1183917.0
2022-07-21,21.79,21.8,20.92,21.5,1937028.0
2022-07-22,21.35,21.69,21.03,21.32,1149100.0
2022-07-25,21.62,21.9,20.83,20.9,1258199.0
2022-07-26,20.98,21.09,20.38,20.85,938300.0
2022-07-27,21.0,21.29,20.74,21.29,823523.0
2022-07-28,21.37,21.67,20.96,21.48,687817.0
2022-07-29,21.53,22.49,21.14,21.52,1084200.0
2022-08-01,21.56,21.56,21.01,21.25,954000.0
2022-08-02,21.27,21.27,20.3,20.8,1053945.0
2022-08-03,20.73,21.2,20.19,20.26,766615.0
2022-08-04,20.45,21.1,20.3,20.76,989515.0
2022-08-05,20.76,20.9,20.39,20.83,617500.0
2022-08-08,20.83,21.29,20.43,21.24,973600.0
2022-08-09,21.23,21.7,21.06,21.09,611800.0
2022-08-10,21.14,22.58,21.14,21.95,1801000.0
2022-08-11,21.95,22.97,21.58,22.42,2541800.0
2022-08-12,22.3,22.85,21.88,22.0,1651675.0
2022-08-15,21.73,22.31,21.73,21.96,1236400.0
2022-08-16,22.1,22.41,21.97,22.14,856000.0
2022-08-17,22.05,22.37,21.89,21.94,821575.0
2022-08-18,21.9,22.4,21.9,22.36,950900.0
2022-08-19,22.3,22.39,21.72,21.72,961026.0
2022-08-22,21.69,21.7,21.2,21.3,1049700.0
2022-08-23,21.3,21.7,21.04,21.45,901000.0
2022-08-24,21.7,21.7,20.1,20.16,1453100.0
2022-08-25,20.4,20.54,19.51,19.99,1791500.0
2022-08-26,19.77,20.31,19.53,19.62,831100.0
2022-08-29,19.61,19.96,19.05,19.92,675900.0
2022-08-30,20.12,20.12,19.51,19.62,631500.0
2022-08-31,19.56,19.87,19.04,19.2,1257100.0
2022-09-01,19.59,19.59,18.69,18.87,829300.0
2022-09-02,18.87,19.05,18.59,18.94,734875.0
2022-09-05,19.0,19.22,18.83,19.01,606800.0
2022-09-06,19.09,19.3,18.68,18.98,591400.0
2022-09-07,19.0,19.18,18.8,18.96,604975.0
2022-09-08,19.0,19.1,18.72,18.8,575700.0
2022-09-09,18.86,19.08,18.55,18.92,494100.0
2022-09-13,18.96,19.1,18.65,18.74,495000.0
2022-09-14,18.57,18.8,18.28,18.69,448000.0
2022-09-15,18.87,18.89,17.78,18.11,793900.0
2022-09-16,18.17,18.44,18.0,18.24,691400.0
2022-09-19,18.24,18.52,17.8,17.95,778100.0
2022-09-20,17.99,18.41,17.82,18.18,473000.0
2022-09-21,18.29,18.29,17.8,18.07,356500.0
2022-09-22,18.07,18.29,17.81,17.96,369000.0
2022-09-23,18.08,18.68,17.34,18.51,1108200.0
2022-09-26,18.3,18.3,17.6,17.68,1105100.0
2022-09-27,17.69,18.28,17.52,18.23,652000.0
2022-09-28,18.22,18.32,17.59,17.62,527600.0
2022-09-29,17.97,17.97,17.33,17.45,557300.0
2022-09-30,17.73,17.73,17.12,17.21,568200.0
2022-10-10,17.21,17.56,16.8,16.85,610400.0
2022-10-11,17.09,17.1,16.65,17.08,561185.0
2022-10-12,17.08,17.42,16.61,17.4,832200.0
2022-10-13,17.4,17.99,17.3,17.81,694400.0
2022-10-14,18.0,18.16,17.78,17.98,594300.0
2022-10-17,17.93,18.54,17.93,18.53,778500.0
2022-10-18,19.88,19.88,18.53,18.93,1518726.0
2022-10-19,18.74,19.03,18.7,18.84,614200.0
2022-10-20,18.84,19.03,18.5,18.6,473300.0
2022-10-21,18.88,19.19,18.61,18.86,320900.0
2022-10-24,18.85,19.08,18.41,18.65,740805.0
2022-10-25,18.58,18.9,18.31,18.65,608500.0
2022-10-26,18.72,19.07,18.67,19.01,687300.0
2022-10-27,19.37,19.66,18.93,19.0,759005.0
2022-10-28,18.9,19.07,18.5,18.7,682020.0
2022-10-31,18.75,19.47,18.51,19.24,858600.0
2022-11-01,19.4,19.99,18.88,19.93,994300.0
2022-11-02,20.0,20.22,19.5,20.05,702300.0
2022-11-03,19.73,20.05,19.67,20.0,555200.0
2022-11-04,19.98,20.3,19.83,20.19,672700.0
2022-11-07,20.4,20.4,19.88,20.06,669500.0
2022-11-08,20.25,20.25,19.62,19.85,696700.0
2022-11-09,19.84,19.98,19.65,19.72,519900.0
2022-11-10,21.38,21.69,20.53,21.69,4247800.0
2022-11-11,21.71,23.77,21.69,22.55,6518770.0
2022-11-14,22.49,22.49,21.01,21.16,3881091.0
2022-11-15,21.41,21.8,20.91,21.03,2492600.0
2022-11-16,21.03,21.2,20.81,20.97,1504800.0
2022-11-17,20.8,20.99,20.37,20.73,1317370.0
2022-11-18,20.73,21.26,20.51,20.64,1419700.0
2022-11-21,20.76,20.85,20.5,20.81,922200.0
2022-11-22,20.8,20.86,20.0,20.11,1102800.0
2022-11-23,20.01,20.19,19.45,20.05,1492228.0
2022-11-24,20.05,20.4,19.91,19.99,990968.0
2022-11-25,20.29,20.36,19.69,19.88,1037368.0
2022-11-28,20.0,20.0,19.09,19.77,740800.0
2022-11-29,19.72,19.97,19.61,19.8,1047600.0
2022-11-30,19.84,19.84,19.4,19.6,929600.0
2022-12-01,19.68,19.78,19.5,19.5,877019.0
2022-12-02,19.59,20.2,19.42,20.0,1403525.0
2022-12-05,20.05,20.95,19.8,20.82,2310691.0
2022-12-06,20.82,20.82,20.3,20.79,1046600.0
2022-12-07,20.55,20.79,20.4,20.55,830700.0
2022-12-08,20.4,20.51,20.08,20.17,836470.0
2022-12-09,20.24,20.7,19.9,20.1,1003910.0
2022-12-12,20.25,20.25,19.71,19.78,623900.0
2022-12-13,19.96,20.02,19.53,19.59,453100.0
2022-12-14,19.71,20.3,19.61,19.7,531300.0
2022-12-15,19.72,20.05,19.53,19.72,547700.0
2022-12-16,19.61,19.97,19.18,19.32,603000.0
2022-12-19,19.25,19.59,18.64,18.84,586100.0
2022-12-20,18.78,19.07,18.67,18.82,458800.0
2022-12-21,18.87,19.3,18.45,18.76,636500.0
2022-12-22,18.88,18.88,18.22,18.34,547300.0
2022-12-23,18.33,18.65,18.0,18.44,708800.0
2022-12-26,18.75,19.05,18.04,18.93,538200.0
2022-12-27,19.08,19.2,18.7,18.9,397300.0
2022-12-28,18.81,19.19,18.65,18.75,544000.0
2022-12-29,18.73,18.9,18.2,18.8,409130.0
2022-12-30,18.8,18.99,18.68,18.96,569500.0
2023-01-03,18.96,19.35,18.84,19.35,961400.0
2023-01-04,19.5,19.5,19.16,19.3,478300.0
2023-01-05,19.28,19.49,19.19,19.45,457430.0
2023-01-06,19.6,19.66,19.32,19.36,407200.0
2023-01-09,19.35,19.86,19.35,19.4,817700.0
2023-01-10,19.59,19.59,19.1,19.25,835100.0
2023-01-11,19.17,19.58,18.82,18.82,559200.0
2023-01-12,18.85,19.19,18.45,19.0,378400.0
2023-01-13,20.0,20.0,18.66,19.08,1329900.0
2023-01-16,19.0,19.5,19.0,19.23,1162100.0
2023-01-17,19.1,19.42,18.87,18.99,1006700.0
2023-01-18,19.12,19.54,18.93,19.44,958300.0
2023-01-19,19.3,19.52,19.14,19.31,620400.0
2023-01-20,19.42,19.91,19.25,19.76,915500.0
2023-01-30,19.9,21.74,19.89,21.74,2470400.0
2023-01-31,22.36,22.38,21.0,21.96,4547600.0
2023-02-01,21.79,21.98,21.46,21.82,2667778.0
2023-02-02,21.79,21.8,21.52,21.7,1554000.0
2023-02-03,21.7,21.87,21.33,21.87,1792200.0
2023-02-06,21.91,22.59,21.69,22.28,3089480.0
2023-02-07,22.04,22.77,22.01,22.57,1881700.0
2023-02-08,22.61,23.08,22.41,22.68,1876800.0
2023-02-09,22.69,23.18,22.5,22.73,1617800.0
2023-02-10,22.9,23.15,22.69,22.99,1554300.0
2023-02-13,22.98,23.77,22.98,23.28,1997900.0
2023-02-14,23.43,23.49,22.78,23.06,1283749.0
2023-02-15,23.17,23.65,23.03,23.24,1482400.0
2023-02-16,23.48,23.48,21.65,22.0,2778900.0
2023-02-17,22.11,22.4,21.91,22.07,1744700.0
2023-02-20,22.03,22.03,21.46,21.91,1513800.0
2023-02-21,22.09,22.36,21.73,22.11,1255700.0
2023-02-22,21.98,22.09,21.65,21.86,779700.0
2023-02-23,21.64,21.98,21.64,21.8,712300.0
2023-02-24,21.56,21.98,21.5,21.78,648889.0
2023-02-27,21.65,21.96,21.44,21.54,817400.0
2023-02-28,21.55,22.09,21.55,21.86,1079800.0
2023-03-01,21.78,22.17,21.6,21.67,778500.0
2023-03-02,21.58,21.74,21.11,21.19,963900.0
2023-03-03,21.19,21.6,21.15,21.36,647800.0
2023-03-06,21.4,21.74,21.15,21.65,892500.0
2023-03-07,21.65,21.75,21.15,21.22,518350.0
2023-03-08,21.49,21.49,20.98,21.32,560600.0
2023-03-09,21.3,21.7,21.04,21.45,669100.0
2023-03-10,21.45,21.64,21.09,21.18,452300.0
2023-03-13,21.18,21.57,21.0,21.22,720700.0
2023-03-14,21.16,21.37,20.58,20.71,787200.0
2023-03-15,21.15,21.6,20.87,21.41,867411.0
2023-03-16,21.31,23.08,21.31,22.11,3255300.0
2023-03-17,22.04,22.3,21.39,21.72,2552700.0
2023-03-20,21.6,21.67,20.91,20.95,1961321.0
2023-03-21,21.08,23.05,21.0,23.05,2947600.0
2023-03-22,23.12,23.71,22.92,23.35,6615821.0
2023-03-23,23.01,23.15,22.76,22.85,3066216.0
2023-03-24,22.85,23.19,22.67,23.02,2497422.0
2023-03-27,23.14,23.14,22.53,22.66,1927922.0
2023-03-28,22.8,22.86,22.36,22.51,1346816.0
2023-03-29,22.71,22.94,22.36,22.87,2052500.0
2023-03-30,22.77,22.77,22.02,22.42,1213000.0
2023-03-31,22.42,23.19,22.25,22.83,1925422.0
2023-04-03,22.8,22.92,22.31,22.48,1794900.0
2023-04-04,22.51,22.51,21.7,22.14,2122500.0
2023-04-06,22.19,22.75,21.8,22.48,1258800.0
2023-04-07,22.8,24.73,22.56,24.73,5640700.0
2023-04-10,25.1,27.2,25.1,25.68,8589500.0
2023-04-11,25.55,26.2,25.28,26.09,4461700.0
2023-04-12,25.63,26.0,25.33,25.54,3470998.0
2023-04-13,25.43,25.8,25.23,25.71,2706998.0
2023-04-14,25.69,25.69,24.27,24.82,3589872.0
2023-04-17,24.8,27.3,24.63,27.3,6163440.0
2023-04-18,27.29,28.34,26.66,26.96,5966498.0
2023-04-19,26.9,27.13,26.4,27.13,4121272.0
2023-04-20,27.0,27.0,25.3,25.85,4560800.0
2023-04-21,25.68,26.5,25.43,25.5,3345478.0
2023-04-24,25.68,25.68,24.02,24.37,3193030.0
2023-04-25,24.27,24.8,23.2,23.95,2661272.0
2023-04-26,24.07,24.6,23.75,24.39,2074750.0
2023-04-27,24.5,25.09,23.88,24.0,2138272.0
2023-04-28,24.1,24.61,23.5,24.57,1663600.0
2023-05-04,24.57,25.24,24.05,24.17,1970000.0
2023-05-05,23.99,24.0,23.31,23.64,1619300.0
2023-05-08,23.59,23.99,23.33,23.72,1248266.0
2023-05-09,23.42,23.91,22.92,23.67,1745600.0
2023-05-10,23.6,25.17,23.56,25.07,3282000.0
2023-05-11,25.22,25.5,24.52,25.47,2699300.0
2023-05-12,25.1,25.36,24.61,24.68,1471700.0
2023-05-15,24.5,25.51,24.02,25.5,2496030.0
2023-05-16,25.5,26.21,24.98,25.02,2897246.0
2023-05-17,24.89,25.49,24.5,25.46,1992546.0
2023-05-18,25.46,25.53,24.63,24.91,1671700.0
2023-05-19,24.9,24.9,24.21,24.62,944700.0
2023-05-22,24.67,25.18,24.0,24.45,1528100.0
2023-05-23,24.48,25.49,24.15,24.5,1978000.0
2023-05-24,24.31,25.11,24.18,24.76,1094300.0
2023-05-25,24.52,25.86,24.42,25.63,3745395.0
2023-05-26,25.32,25.47,24.24,24.84,2530200.0
2023-05-29,24.8,24.84,24.05,24.19,1479450.0
2023-05-30,24.15,24.45,23.82,24.33,1127400.0
2023-05-31,24.42,24.42,24.0,24.0,827800.0
2023-06-01,24.01,24.35,22.77,23.08,2633000.0
2023-06-02,22.98,23.29,22.39,22.8,2416400.0
2023-06-05,22.8,23.29,22.2,22.99,1852300.0
2023-06-06,22.9,22.94,22.51,22.54,1204800.0
2023-06-07,22.36,22.45,21.9,22.08,1097500.0
2023-06-08,21.98,22.9,21.98,22.16,1651700.0
2023-06-09,22.27,22.98,22.03,22.61,1367672.0
2023-06-12,22.69,22.78,22.11,22.55,1113300.0
2023-06-13,22.43,23.12,22.36,22.77,1072100.0
2023-06-14,23.04,23.04,22.23,22.26,998200.0
2023-06-15,22.15,22.86,22.15,22.65,1011700.0
2023-06-16,22.65,22.84,22.53,22.66,781600.0
2023-06-19,22.8,23.56,22.8,23.3,1796800.0
2023-06-20,23.2,24.2,22.88,23.81,2335200.0
2023-06-21,23.81,24.1,22.96,23.0,1454200.0
2023-06-26,22.82,23.12,22.5,22.71,1012200.0
2023-06-27,22.49,22.99,22.49,22.81,735200.0
2023-06-28,22.9,22.98,22.3,22.91,882700.0
2023-06-29,22.86,23.4,22.64,23.19,1103000.0
2023-06-30,23.58,23.58,22.91,23.23,1198500.0
2023-07-03,23.43,23.62,23.13,23.39,974000.0
2023-07-04,23.38,23.68,23.28,23.43,1262300.0
2023-07-05,23.36,23.58,23.19,23.33,757181.0
2023-07-06,23.29,23.4,23.0,23.05,658300.0
2023-07-07,22.92,23.27,22.71,23.06,662800.0
2023-07-10,23.18,23.66,22.92,23.43,1059600.0
2023-07-11,23.52,23.89,23.21,23.57,1012500.0
2023-07-12,23.55,23.7,23.31,23.51,1061800.0
2023-07-13,23.22,23.78,23.22,23.51,779200.0
2023-07-14,23.61,23.78,23.38,23.41,841700.0
2023-07-17,23.36,23.73,23.07,23.61,1104700.0
2023-07-18,23.7,23.7,23.3,23.52,582000.0
2023-07-19,23.55,23.63,23.04,23.2,775300.0
2023-07-20,23.37,23.37,22.53,22.54,891700.0
2023-07-21,22.44,22.75,22.1,22.19,992600.0
2023-07-24,22.3,22.88,21.99,22.07,615200.0
2023-07-25,22.07,22.59,22.05,22.27,525200.0
2023-07-26,22.27,22.27,21.89,21.91,686700.0
2023-07-27,22.0,22.23,21.72,21.8,678800.0
2023-07-28,21.6,21.92,21.39,21.68,907100.0
2023-07-31,21.5,21.95,21.42,21.7,921800.0
2023-08-01,21.81,21.9,21.63,21.75,479100.0
2023-08-02,21.8,21.83,21.32,21.44,931900.0
2023-08-03,21.33,21.51,21.24,21.38,599500.0
2023-08-04,21.32,22.1,21.32,21.69,1301100.0
2023-08-07,21.69,21.69,21.24,21.55,915400.0
2023-08-08,21.42,21.63,21.35,21.48,590381.0
2023-08-09,21.66,21.66,21.1,21.18,570800.0
2023-08-10,21.18,21.32,20.9,20.96,559200.0
2023-08-11,20.96,20.96,20.49,20.58,1086700.0
2023-08-14,20.64,20.69,20.18,20.67,808100.0
2023-08-15,20.8,20.8,20.13,20.18,657781.0
2023-08-16,20.25,20.43,19.81,19.82,697600.0
2023-08-17,19.86,20.5,19.76,20.39,776200.0
2023-08-18,20.44,20.79,20.37,20.38,767600.0
2023-08-21,20.59,20.68,19.8,20.02,654200.0
2023-08-22,20.09,20.4,19.78,20.09,681300.0
2023-08-23,20.09,20.34,19.89,20.06,570700.0
2023-08-24,20.06,20.21,19.59,19.98,645900.0
2023-08-25,19.65,20.08,19.28,19.3,1159100.0
2023-08-28,21.02,21.07,19.97,20.28,2448500.0
2023-08-29,20.25,21.15,20.24,21.11,1495500.0
2023-08-30,21.11,21.6,21.04,21.43,1056000.0
2023-08-31,21.49,21.52,21.12,21.32,662300.0
2023-09-01,21.35,21.41,20.64,20.8,1348800.0
2023-09-04,21.0,21.01,20.44,20.69,798600.0
2023-09-05,20.73,20.85,20.47,20.68,706900.0
2023-09-06,20.68,20.87,20.58,20.85,662700.0
2023-09-07,20.96,21.17,20.28,20.35,611700.0
2023-09-08,20.33,20.54,20.18,20.35,503300.0
2023-09-11,20.3,20.75,20.13,20.65,611600.0
2023-09-12,20.76,20.85,20.39,20.65,548800.0
2023-09-13,20.7,20.76,20.17,20.35,582300.0
2023-09-14,20.3,20.36,19.94,20.15,515100.0
2023-09-15,20.1,20.31,19.9,20.02,593900.0
2023-09-18,20.24,20.43,19.42,20.2,823300.0
2023-09-19,20.2,20.25,19.6,19.71,741000.0
2023-09-20,19.64,19.98,19.6,19.69,511800.0
2023-09-21,19.68,19.75,19.38,19.43,442500.0
2023-09-22,19.43,19.97,19.37,19.97,584800.0
2023-09-25,20.1,20.13,19.72,19.89,442100.0
2023-09-26,19.99,20.04,19.81,19.87,430000.0
2023-09-27,19.86,20.28,19.86,20.23,757800.0
2023-09-28,20.31,20.6,20.23,20.53,626700.0
2023-10-09,20.7,20.86,20.46,20.57,853500.0
2023-10-10,20.6,20.66,20.45,20.5,519600.0
2023-10-11,20.68,20.68,20.3,20.56,513806.0
2023-10-12,20.5,20.85,20.35,20.72,628100.0
2023-10-13,20.83,20.84,20.25,20.44,704800.0
2023-10-16,20.43,20.7,20.26,20.46,1072900.0
2023-10-17,20.38,20.65,20.28,20.41,620400.0
2023-10-18,20.07,20.43,19.91,19.94,591406.0
2023-10-19,19.84,20.38,19.65,19.87,484900.0
2023-10-20,20.4,20.4,19.63,19.68,790800.0
2023-10-23,19.67,19.85,18.9,19.01,715700.0
2023-10-24,19.07,19.79,18.66,19.74,849300.0
2023-10-25,19.98,20.05,19.61,19.77,576800.0
2023-10-26,19.48,20.05,19.31,19.97,481100.0
2023-10-27,19.79,19.96,19.06,19.34,1417900.0
2023-10-30,19.3,19.57,19.15,19.45,824400.0
2023-10-31,19.53,19.53,19.1,19.19,631200.0
2023-11-01,19.21,19.27,18.95,19.17,683590.0
2023-11-02,19.0,19.22,18.9,18.9,673900.0
2023-11-03,18.86,19.65,18.86,19.38,1118900.0
2023-11-06,19.48,20.05,19.44,20.01,993200.0
2023-11-07,20.08,20.08,19.62,19.98,1018500.0
2023-11-08,20.0,20.08,19.77,19.89,733700.0
2023-11-09,19.89,19.98,19.68,19.75,625095.0
2023-11-10,19.63,19.99,19.48,19.84,590800.0
2023-11-13,19.7,20.13,19.7,20.12,934300.0
2023-11-14,20.17,20.36,20.02,20.18,654100.0
2023-11-15,20.33,20.56,20.26,20.38,603795.0
2023-11-16,20.42,20.55,20.12,20.15,686100.0
2023-11-17,20.05,20.41,20.05,20.38,558100.0
2023-11-20,20.39,20.84,20.32,20.78,797800.0
2023-11-21,20.89,20.97,20.5,20.58,872800.0
2023-11-22,20.58,20.82,20.48,20.48,673600.0
2023-11-23,20.48,20.82,20.36,20.74,491400.0
2023-11-24,20.74,20.82,20.26,20.49,658400.0
2023-11-27,20.65,20.66,20.21,20.57,759100.0
2023-11-28,20.59,20.75,20.33,20.62,482000.0
2023-11-29,20.66,20.95,20.57,20.68,585100.0
2023-11-30,20.67,21.6,20.48,20.7,837700.0
2023-12-01,20.73,20.8,20.0,20.42,862300.0
2023-12-04,20.5,20.55,20.1,20.25,655800.0
2023-12-05,20.3,20.33,19.95,19.98,849739.0
2023-12-06,19.99,21.98,19.9,20.8,4461400.0
2023-12-07,20.79,21.05,20.29,20.35,3225620.0
2023-12-08,20.38,21.93,19.91,21.32,4853800.0
2023-12-11,21.2,22.26,20.89,22.25,6690281.0
2023-12-12,22.13,22.48,21.73,22.15,3844000.0
2023-12-13,22.13,22.41,21.73,21.99,2542000.0
2023-12-14,21.97,23.28,21.65,22.99,4171800.0
2023-12-15,23.1,23.1,22.0,22.08,2999900.0
2023-12-18,22.18,22.48,21.79,22.4,2434500.0
2023-12-19,22.22,22.68,21.85,22.39,1956900.0
2023-12-20,22.48,22.51,22.23,22.24,1344600.0
2023-12-21,22.24,22.86,21.99,22.66,1700490.0
2023-12-22,22.64,22.88,22.13,22.32,1390400.0
2023-12-25,22.14,22.45,22.0,22.3,1023300.0
2023-12-26,22.33,22.33,21.7,21.99,1143700.0
2023-12-27,21.99,22.21,21.65,21.82,656500.0
2023-12-28,21.92,22.28,21.68,21.78,1347681.0
2023-12-29,21.8,22.21,21.8,22.19,1028800.0
2024-01-02,22.1,22.97,22.1,22.96,2944800.0
2024-01-03,22.8,22.8,22.28,22.52,1667000.0
2024-01-04,22.45,22.63,22.3,22.62,796100.0
2024-01-05,22.68,22.68,21.8,21.97,1139600.0
2024-01-08,21.84,22.3,21.82,21.92,744500.0
2024-01-09,21.92,22.4,21.81,22.0,738000.0
2024-01-10,22.18,22.25,21.64,21.96,803400.0
2024-01-11,22.01,22.4,21.91,22.4,877900.0
2024-01-12,22.4,22.89,22.38,22.46,1006900.0
2024-01-15,22.57,22.69,22.35,22.42,640200.0
2024-01-16,22.34,22.52,21.95,22.34,767300.0
2024-01-17,22.24,22.78,21.71,21.71,1143600.0
2024-01-18,21.68,21.68,20.72,21.3,1545200.0
2024-01-19,21.3,21.45,20.88,20.92,688300.0
2024-01-22,20.92,21.05,19.09,19.71,1553100.0
2024-01-23,19.43,19.66,18.84,19.28,1110171.0
2024-01-24,19.34,19.61,18.5,19.29,1275500.0
2024-01-25,19.29,20.2,18.97,20.15,1242600.0
2024-01-26,20.1,20.39,19.86,20.0,865100.0
2024-01-29,20.1,20.1,19.4,19.5,701700.0
2024-01-30,19.21,19.53,18.6,18.87,644100.0
2024-01-31,19.12,19.12,17.19,17.41,1355000.0
2024-02-01,17.23,17.27,16.29,16.92,1182700.0
2024-02-02,16.92,17.26,15.43,16.5,1068100.0
2024-02-05,15.95,15.98,14.85,15.2,1627500.0
2024-02-06,14.69,16.26,14.2,15.75,1129400.0
2024-02-07,16.54,16.54,14.8,15.5,1257000.0
2024-02-08,15.5,16.5,15.0,16.5,965587.0
2024-02-19,16.5,17.64,16.4,17.43,1081787.0
2024-02-20,17.51,17.51,17.0,17.21,479581.0
2024-02-21,17.13,17.58,16.8,17.18,691200.0
2024-02-22,17.27,17.39,17.03,17.29,643881.0
2024-02-23,17.34,17.54,17.08,17.42,787900.0
2024-02-26,17.4,17.92,17.35,17.63,964500.0
2024-02-27,17.67,18.0,17.31,18.0,872000.0
2024-02-28,18.07,18.62,16.7,16.78,1494100.0
2024-02-29,16.59,17.28,16.54,17.27,876000.0
2024-03-01,17.27,17.76,17.11,17.56,859400.0
2024-03-04,17.43,17.85,17.21,17.62,695800.0
2024-03-05,17.62,17.62,16.88,16.91,1060400.0
2024-03-06,16.8,17.58,16.8,17.32,806300.0
2024-03-07,17.35,18.23,17.19,17.69,1894500.0
2024-03-08,17.54,17.69,17.05,17.46,1046700.0
2024-03-11,17.46,18.96,17.35,18.1,1850300.0
2024-03-12,17.96,18.55,17.8,18.29,1645500.0
2024-03-13,18.27,18.6,18.2,18.29,1112700.0
2024-03-14,18.22,18.45,17.92,18.13,1188200.0
2024-03-15,18.12,18.26,17.92,18.16,795600.0
2024-03-18,18.18,18.38,18.15,18.38,1062400.0
2024-03-19,18.32,18.67,18.28,18.35,1187000.0
2024-03-20,18.35,18.51,18.12,18.51,880370.0
2024-03-21,18.53,18.6,18.34,18.48,812200.0
2024-03-22,18.21,18.54,17.85,17.96,1270800.0
2024-03-25,17.88,17.9,16.94,17.04,1995100.0
2024-03-26,16.97,17.19,16.39,16.71,1512187.0
2024-03-27,16.69,16.95,16.36,16.5,1374700.0
2024-03-28,16.38,16.9,16.38,16.6,997100.0
2024-03-29,16.65,16.77,16.54,16.73,761300.0
2024-04-01,16.98,17.35,16.96,17.3,1393500.0
2024-04-02,17.25,17.54,17.11,17.29,803000.0
2024-04-03,17.29,17.36,16.96,17.2,681400.0
2024-04-08,17.21,17.3,16.78,16.78,863600.0
2024-04-09,16.66,17.26,16.66,17.14,882000.0
2024-04-10,17.14,17.15,16.7,16.82,725800.0
2024-04-11,16.82,18.5,16.67,18.5,1885900.0
2024-04-12,19.56,20.35,18.14,18.27,9026700.0
2024-04-15,17.75,17.99,17.0,17.58,5737910.0
2024-04-16,17.02,17.14,15.82,15.82,2539100.0
2024-04-17,15.68,16.79,15.5,16.41,4034175.0
2024-04-18,16.36,16.6,16.0,16.32,2759400.0
2024-04-19,16.21,16.27,15.7,15.9,1579100.0
2024-04-22,15.8,15.93,15.3,15.74,891200.0
2024-04-23,16.2,16.38,15.86,15.99,1164532.0
2024-04-24,16.14,16.17,15.8,16.02,1168500.0
2024-04-25,15.98,17.1,15.82,16.7,2386300.0
2024-04-26,16.5,17.1,16.27,16.75,2637600.0
2024-04-29,16.82,17.5,16.68,17.16,2545400.0
2024-04-30,17.16,17.2,16.7,16.85,1408100.0
2024-05-06,17.11,17.5,17.0,17.23,1625600.0
2024-05-07,17.38,17.42,17.1,17.3,1194900.0
2024-05-08,17.31,17.47,17.15,17.31,1485000.0
2024-05-09,17.31,17.56,17.29,17.52,1273300.0
2024-05-10,17.52,18.17,17.32,18.04,2571100.0
2024-05-13,18.09,18.5,17.55,18.02,2228800.0
2024-05-14,17.87,18.34,17.8,18.0,1473900.0
2024-05-15,18.02,18.5,17.88,17.96,1728500.0
2024-05-16,17.9,18.06,17.4,17.47,1703600.0
2024-05-17,17.55,17.62,17.2,17.58,999000.0
2024-05-20,17.57,17.75,17.41,17.47,832600.0
2024-05-21,17.4,17.46,17.04,17.11,811100.0
2024-05-22,17.12,17.39,17.08,17.19,864100.0
2024-05-23,17.24,17.34,16.73,16.8,693700.0
2024-05-24,16.75,17.15,16.63,16.76,976000.0
2024-05-27,16.65,18.44,16.65,18.44,2517900.0
2024-05-28,18.3,18.68,17.82,17.9,6714400.0
2024-05-29,17.79,18.24,17.52,18.03,4094000.0
2024-05-30,17.99,18.27,17.65,17.9,3020945.0
2024-05-31,17.91,18.26,17.63,18.22,3184845.0
2024-06-03,18.05,18.09,17.32,17.43,2505600.0
2024-06-04,16.68,17.39,16.38,17.35,2616900.0
2024-06-05,17.1,17.11,16.72,16.73,1519600.0
2024-06-06,16.92,16.92,15.7,15.85,2045400.0
2024-06-07,15.77,15.9,15.48,15.84,1153400.0
2024-06-11,15.77,15.9,15.27,15.89,1185100.0
2024-06-12,15.6,16.15,15.6,16.15,774100.0
2024-06-13,16.15,16.44,15.97,16.24,869400.0
2024-06-14,16.32,16.7,16.1,16.47,1017300.0
2024-06-17,16.42,16.77,16.2,16.2,1062500.0
2024-06-18,16.26,16.4,16.09,16.4,947800.0
2024-06-19,16.4,16.47,16.11,16.22,643500.0
2024-06-20,16.18,16.26,15.83,15.84,798100.0
2024-06-21,15.91,15.91,15.58,15.71,692200.0
2024-06-24,15.53,15.54,14.66,14.71,1310500.0
2024-06-25,14.78,15.14,14.78,14.99,827900.0
2024-06-26,14.99,15.61,14.89,15.59,770200.0
2024-06-27,15.52,15.69,15.16,15.2,916300.0
2024-06-28,15.28,15.78,15.17,15.46,835000.0
2024-07-01,15.46,15.83,15.46,15.59,862400.0
2024-07-02,15.53,15.86,15.41,15.72,818500.0
2024-07-03,15.74,15.9,15.22,15.38,793200.0
2024-07-04,15.31,15.5,14.91,15.02,641100.0
2024-07-05,14.88,15.17,14.83,15.08,478100.0
2024-07-08,15.03,15.15,14.78,14.82,631400.0
2024-07-09,14.61,14.99,14.3,14.88,1006100.0
2024-07-10,14.96,14.96,14.71,14.74,484200.0
2024-07-11,14.99,15.21,14.89,15.13,806500.0
2024-07-12,15.13,15.21,14.9,14.98,679800.0
2024-07-15,14.95,14.99,14.68,14.82,561400.0
2024-07-16,15.11,15.11,14.43,14.6,588900.0
2024-07-17,14.65,14.66,14.19,14.21,889100.0
2024-07-18,14.21,14.3,13.83,14.2,850100.0
2024-07-19,13.89,14.37,13.88,14.22,592700.0
2024-07-22,14.45,14.45,14.16,14.31,667200.0
2024-07-23,14.48,14.7,14.28,14.29,882200.0
2024-07-24,14.23,14.36,13.93,14.1,667200.0
2024-07-25,14.24,14.55,14.03,14.47,837792.0
2024-07-26,14.47,14.81,14.43,14.72,747400.0
2024-07-29,14.65,14.81,14.56,14.68,614000.0
2024-07-30,14.48,14.7,14.39,14.52,560300.0
2024-07-31,14.52,14.86,14.52,14.81,771600.0
2024-08-01,14.84,14.95,14.81,14.87,599100.0
2024-08-02,15.09,15.12,14.73,14.74,630800.0
2024-08-05,14.6,15.08,14.45,14.66,985200.0
2024-08-06,14.66,14.94,14.66,14.83,865100.0
2024-08-07,14.77,15.2,14.75,15.06,991300.0
2024-08-08,15.06,15.06,14.72,14.9,655100.0
2024-08-09,15.0,15.02,14.71,14.71,632600.0
2024-08-12,14.95,14.95,14.52,14.61,444600.0
2024-08-13,14.77,14.85,14.56,14.73,370800.0
2024-08-14,14.73,14.9,14.61,14.77,458300.0
2024-08-15,14.75,14.92,14.69,14.8,507700.0
2024-08-16,14.8,14.97,14.73,14.8,756900.0
2024-08-19,14.82,14.87,14.65,14.82,500600.0
2024-08-20,14.82,14.88,14.58,14.66,515200.0
2024-08-21,14.57,14.8,14.5,14.7,405000.0
2024-08-22,14.7,14.85,14.55,14.83,644580.0
2024-08-23,14.83,15.16,14.17,14.4,997780.0
2024-08-26,14.2,14.67,14.2,14.44,942500.0
2024-08-27,14.43,14.57,14.16,14.2,589200.0
2024-08-28,14.18,14.47,14.1,14.32,609192.0
2024-08-29,14.31,14.65,14.19,14.54,725600.0
2024-08-30,14.54,14.86,14.47,14.7,941300.0
2024-09-02,14.7,14.82,14.58,14.64,669000.0
2024-09-03,14.61,14.88,14.55,14.64,494300.0
2024-09-04,14.64,14.78,14.45,14.57,543300.0
2024-09-05,14.54,14.71,14.53,14.6,461500.0
2024-09-06,14.68,14.68,14.1,14.1,912100.0
2024-09-09,14.11,14.84,13.85,14.52,1849786.0
2024-09-10,14.38,14.42,14.0,14.3,1450800.0
2024-09-11,14.3,14.54,14.16,14.44,808800.0
2024-09-12,15.88,15.88,15.88,15.88,2709800.0
2024-09-13,17.47,17.47,16.5,17.47,7308152.0
2024-09-18,17.2,17.2,15.72,16.33,9660452.0
2024-09-19,15.98,17.2,15.53,16.65,7963152.0
2024-09-20,16.69,16.97,16.06,16.24,5160186.0
2024-09-23,15.91,17.86,15.85,17.86,8458596.0
2024-09-24,17.64,19.5,17.27,18.34,10852000.0
2024-09-25,17.98,19.58,17.72,18.63,8654114.0
2024-09-26,18.99,20.49,18.34,20.31,12344000.0
2024-09-27,19.83,20.2,19.08,20.16,7104300.0
2024-09-30,20.16,22.0,19.61,21.59,10518320.0
2024-10-08,23.33,23.51,21.7,22.7,8740600.0
2024-10-09,21.99,24.08,21.57,23.27,8101714.0
2024-10-10,23.58,24.96,22.41,22.7,6392300.0
2024-10-11,22.7,24.97,22.2,24.8,11546000.0
2024-10-14,25.61,27.28,24.68,27.28,10573375.0
2024-10-15,27.2,30.01,26.9,30.01,9712514.0
2024-10-16,29.97,32.0,27.56,28.2,11204189.0
2024-10-17,28.31,29.61,27.55,29.1,8384289.0
2024-10-18,27.9,28.89,27.31,27.95,9871934.0
2024-10-21,27.56,30.23,27.45,29.62,8763014.0
2024-10-22,29.01,32.58,28.6,31.65,9425600.0
2024-10-23,31.6,34.82,31.01,34.82,7982875.0
2024-10-24,33.7,34.57,32.0,32.75,8242889.0
2024-10-25,34.0,36.03,33.6,36.03,8510900.0
2024-10-28,36.5,39.59,35.0,38.55,13138914.0
2024-10-29,36.5,37.66,35.58,37.09,10014900.0
2024-10-30,35.0,35.24,33.38,33.38,8071600.0
2024-10-31,32.5,34.3,32.19,32.9,7805031.0
2024-11-01,32.59,32.63,30.17,31.08,7550275.0
2024-11-04,30.62,31.65,30.62,31.62,4197600.0
2024-11-05,31.34,32.1,31.05,31.58,5039200.0
2024-11-06,31.58,32.2,30.39,30.64,4713700.0
2024-11-07,30.2,31.56,29.38,31.18,5109000.0
2024-11-08,31.18,32.6,30.65,31.95,6010700.0
2024-11-11,31.31,33.23,31.31,33.14,4553769.0
2024-11-12,32.81,33.35,32.15,33.05,3611300.0
2024-11-13,33.05,33.98,32.62,32.88,4041800.0
2024-11-14,32.4,36.17,32.4,36.17,9241120.0
2024-11-15,35.5,35.94,33.49,34.88,7603700.0
2024-11-18,34.48,34.48,31.39,31.39,2804200.0
2024-11-19,29.22,30.17,28.29,29.5,6670720.0
2024-11-20,29.32,29.9,28.55,29.42,3998400.0
2024-11-21,29.3,29.3,28.31,29.13,2707700.0
2024-11-22,29.23,29.6,27.97,28.08,2954700.0
2024-11-25,28.1,28.5,26.95,28.08,3063500.0
2024-11-26,28.1,30.2,28.01,28.58,3493117.0
2024-11-27,28.18,29.16,27.95,29.14,2003800.0
2024-11-28,28.85,29.8,28.65,28.8,1752100.0
2024-11-29,28.81,29.27,28.45,28.78,1747700.0
2024-12-02,28.68,29.85,28.45,29.52,2051300.0
2024-12-03,29.34,30.77,29.34,29.84,2137000.0
2024-12-04,29.64,30.46,29.4,29.6,1571100.0
2024-12-05,29.41,30.52,29.41,30.05,1801000.0
2024-12-06,30.08,31.45,30.08,30.85,2904500.0
2024-12-09,31.59,33.84,31.22,32.57,4355310.0
2024-12-10,32.81,33.33,32.17,32.81,2951973.0
2024-12-11,32.5,33.9,32.09,33.86,2644373.0
2024-12-12,33.63,34.32,33.4,33.74,2645100.0
2024-12-13,33.61,35.2,33.48,34.13,3041200.0
2024-12-16,34.32,35.15,32.6,32.85,3125000.0
2024-12-17,32.94,33.49,32.02,32.2,2239043.0
2024-12-18,32.1,32.75,31.6,32.68,1223600.0
2024-12-19,32.35,32.98,32.05,32.76,1286900.0
2024-12-20,32.73,34.18,32.63,33.9,1706035.0
2024-12-23,33.93,34.13,32.1,32.2,1906300.0
2024-12-24,32.36,33.2,32.35,33.13,1359078.0
2024-12-25,32.9,36.44,32.81,36.44,4851815.0
2024-12-26,37.0,38.68,35.42,38.65,5774245.0
2024-12-27,38.21,38.98,37.48,38.68,3401502.0
2024-12-30,38.6,39.48,37.88,38.73,2838000.0
2024-12-31,38.74,39.2,37.29,37.3,2289400.0
2025-01-02,37.15,38.37,36.8,37.45,2444000.0
2025-01-03,37.81,41.2,37.81,41.2,3714500.0
2025-01-06,41.2,45.0,39.5,44.22,6938833.0
2025-01-07,42.2,43.01,39.8,39.8,4819357.0
2025-01-08,38.14,42.22,38.02,40.83,5967388.0
2025-01-09,40.0,41.8,38.58,39.83,4367088.0
2025-01-10,39.6,40.8,39.0,39.71,3152988.0
2025-01-13,39.01,39.01,35.74,36.18,5192113.0
2025-01-14,36.01,38.35,36.01,38.12,3603235.0
2025-01-15,38.12,39.01,37.48,37.7,2315568.0
2025-01-16,37.62,38.5,37.27,38.17,2037143.0
2025-01-17,37.78,38.1,36.66,37.16,2313700.0
2025-01-20,36.99,39.8,36.99,38.9,3034100.0
2025-01-21,38.9,39.65,38.58,38.75,2094100.0
2025-01-22,38.1,39.2,37.47,37.57,1647600.0
2025-01-23,37.57,38.39,35.46,36.26,3203400.0
2025-01-24,36.2,37.53,35.98,37.29,2390394.0
2025-01-27,37.29,38.5,36.36,36.4,1790200.0
2025-02-05,36.41,37.2,33.5,33.56,3006700.0
2025-02-06,33.6,34.5,32.6,34.49,2313827.0
2025-02-07,34.49,36.29,34.49,35.24,2330100.0
2025-02-10,35.0,35.5,34.7,35.36,1744100.0
2025-02-11,35.5,36.89,35.38,35.88,2458800.0
2025-02-12,35.84,36.37,35.5,36.03,1602500.0
2025-02-13,36.01,36.8,34.74,34.86,2531300.0
2025-02-14,34.77,35.37,34.59,35.05,1380200.0
2025-02-17,34.75,36.38,33.86,36.01,2576600.0
2025-02-18,36.38,36.5,34.68,34.92,1546200.0
2025-02-19,34.69,35.35,34.6,35.0,1426900.0
2025-02-20,35.16,37.28,34.86,36.6,3418987.0
2025-02-21,36.75,36.93,35.74,36.78,2475139.0
2025-02-24,36.23,36.32,35.1,35.25,3057700.0
2025-02-25,35.25,35.68,34.5,35.28,1380600.0
2025-02-26,35.31,38.81,35.27,38.81,3953514.0
2025-02-27,38.81,38.81,36.92,37.0,4848514.0
2025-02-28,37.0,37.14,35.53,35.83,2697500.0
2025-03-03,35.81,36.36,34.01,34.1,2879500.0
2025-03-04,33.44,34.6,33.3,34.32,1460400.0
2025-03-05,34.32,34.93,34.18,34.4,1336100.0
2025-03-06,34.6,35.5,34.56,34.62,1664100.0
2025-03-07,34.83,34.83,32.52,32.84,3176800.0
2025-03-10,32.57,32.99,32.0,32.78,1903100.0
2025-03-11,32.4,32.68,31.97,32.63,1387500.0
2025-03-12,33.0,33.41,32.6,32.87,1541900.0
2025-03-13,32.9,32.99,32.11,32.96,1330200.0
2025-03-14,33.3,33.3,32.49,32.85,1336300.0
2025-03-17,32.59,32.85,30.79,31.29,3570543.0
2025-03-18,31.45,32.65,31.22,32.61,3276043.0
2025-03-19,32.4,32.54,31.5,31.57,2219443.0
2025-03-20,31.61,31.84,31.17,31.2,1426100.0
2025-03-21,31.03,31.29,30.24,30.59,2035700.0
2025-03-24,30.59,30.85,29.3,30.16,1789600.0
2025-03-25,30.01,30.27,29.24,29.61,1562800.0
2025-03-26,29.65,30.8,29.65,30.08,1764900.0
2025-03-27,29.96,30.3,29.79,30.08,1351500.0
2025-03-28,30.02,30.45,29.72,29.81,1347900.0
2025-03-31,29.44,29.44,28.66,28.89,1573900.0
2025-04-01,28.81,29.81,28.81,29.23,1357937.0
2025-04-02,29.21,29.51,28.96,29.48,803500.0
2025-04-03,29.24,29.57,28.47,28.78,1328400.0
2025-04-07,26.55,27.57,25.9,25.9,928800.0
2025-04-08,24.22,25.8,23.32,24.05,3555300.0
2025-04-09,22.83,24.97,22.07,24.68,3207310.0
2025-04-10,25.78,26.5,24.88,26.33,2619000.0
2025-04-11,25.97,26.76,25.88,26.51,1463800.0
2025-04-14,26.63,27.43,26.4,26.51,2177900.0
2025-04-15,26.44,26.61,25.73,26.0,1943800.0
2025-04-16,26.19,26.19,25.01,25.62,1182400.0
2025-04-17,25.41,26.1,25.41,25.75,1330100.0
2025-04-18,25.73,26.02,25.28,25.95,1180800.0
2025-04-21,25.73,26.09,25.56,25.98,1245000.0
2025-04-22,25.9,26.56,25.61,25.67,1370900.0
2025-04-23,25.94,26.8,25.94,26.65,2374900.0
2025-04-24,26.34,26.74,25.81,26.49,1577900.0
2025-04-25,26.35,28.08,26.03,27.07,2991600.0
2025-04-28,26.94,27.15,25.98,25.99,2013800.0
2025-04-29,25.93,27.15,25.79,26.67,1503700.0
2025-04-30,27.0,27.45,26.53,27.01,1125100.0
2025-05-06,27.0,27.68,26.9,27.68,1522600.0
2025-05-07,27.83,28.65,27.77,28.58,2054200.0
2025-05-08,28.4,28.87,28.32,28.47,1446800.0
2025-05-09,28.47,28.61,27.82,28.01,1271700.0
2025-05-12,28.18,29.66,28.18,28.77,2097800.0
2025-05-13,29.01,29.86,28.66,29.24,2657300.0
2025-05-14,29.11,29.38,28.6,28.8,1615900.0
2025-05-15,28.4,29.9,28.22,29.08,3177968.0
2025-05-16,28.82,29.58,28.72,28.78,1677500.0
2025-05-19,30.4,31.66,29.31,31.66,4681600.0
2025-05-20,31.5,34.48,30.65,33.58,9688538.0
2025-05-21,32.66,33.84,32.1,33.3,6437000.0
2025-05-22,32.79,34.37,32.58,34.24,5834614.0
2025-05-23,33.81,35.33,33.45,33.49,6016473.0
2025-05-26,33.17,33.17,31.78,32.23,4092300.0
2025-05-27,32.0,32.35,31.58,32.0,2688900.0
2025-05-28,31.93,32.05,30.81,31.0,3047900.0
2025-05-29,31.02,32.0,30.7,31.7,2593868.0
2025-05-30,31.41,32.3,30.73,30.88,2407500.0
2025-06-03,30.81,31.3,30.21,31.14,2030700.0
2025-06-04,31.2,31.39,30.9,31.1,1373700.0
2025-06-05,31.13,31.59,30.6,30.6,1980000.0
2025-06-06,30.78,31.17,30.31,31.1,1418900.0
2025-06-09,30.98,31.78,30.8,31.6,2068400.0
2025-06-10,31.5,31.59,29.91,30.63,2703400.0
2025-06-11,30.5,31.34,30.5,31.07,1458100.0
2025-06-12,30.94,31.08,30.52,30.58,1156900.0
2025-06-13,30.58,30.62,29.7,29.95,1253300.0
2025-06-16,29.7,30.18,29.34,29.96,905100.0
2025-06-17,29.9,30.0,29.38,29.53,1086200.0
2025-06-18,29.06,29.5,28.68,29.39,929800.0
2025-06-19,29.39,29.77,28.58,28.76,1213538.0
2025-06-20,28.58,29.1,28.58,29.04,858000.0
2025-06-23,28.6,29.39,28.51,29.04,1439500.0
2025-06-24,29.04,29.7,28.91,29.57,1229400.0
2025-06-25,29.6,30.14,29.48,29.85,1518000.0
2025-06-26,29.8,30.07,29.48,29.55,1083600.0
2025-06-27,29.63,29.94,29.08,29.79,1171600.0
2025-06-30,29.6,29.76,29.0,29.73,1186000.0
2025-07-01,29.72,31.13,29.31,30.57,2912100.0
2025-07-02,30.35,30.57,29.34,29.52,1870100.0
2025-07-03,29.66,30.17,29.49,29.55,1258700.0
2025-07-04,29.41,29.55,28.94,29.03,1281200.0
2025-07-07,28.86,29.28,28.86,29.14,933700.0
2025-07-08,29.08,30.1,28.96,29.92,2095699.0
2025-07-09,29.9,30.18,29.56,29.68,1159400.0
2025-07-10,29.54,29.84,29.27,29.7,1032000.0
2025-07-11,29.7,29.78,29.17,29.67,1016300.0
2025-07-14,29.55,30.16,29.53,29.83,1179200.0
2025-07-15,29.74,29.87,29.3,29.61,1056200.0
2025-07-16,29.63,30.63,29.63,30.16,2089800.0
2025-07-17,30.16,30.49,29.9,30.21,1362400.0
2025-07-18,30.23,30.23,29.68,29.79,1417200.0
2025-07-21,29.71,30.97,29.56,30.47,2915400.0
2025-07-22,30.35,30.6,30.03,30.18,2115500.0
2025-07-23,30.17,30.17,28.74,28.75,3718400.0
2025-07-24,28.75,28.95,27.5,28.08,4552355.0
2025-07-25,28.1,28.48,27.8,28.48,1873555.0
2025-07-28,28.34,28.43,26.91,27.14,5370900.0
2025-07-29,27.34,27.39,27.08,27.32,1747300.0
2025-07-30,27.3,27.58,26.82,27.54,2564600.0
2025-07-31,27.38,27.45,26.62,26.77,3106100.0
2025-08-01,26.66,27.12,26.66,27.03,1329200.0
2025-08-04,27.08,27.08,26.65,26.92,1293400.0
2025-08-05,27.0,27.13,26.89,27.06,1288500.0
2025-08-06,27.05,27.5,26.85,27.35,1794300.0
2025-08-07,27.33,28.28,27.2,27.65,3368900.0
2025-08-08,27.34,27.6,26.89,26.96,2837000.0
2025-08-11,26.97,27.62,26.89,27.5,2393800.0
2025-08-12,27.48,28.03,27.22,27.6,2555300.0
2025-08-13,27.61,27.7,27.21,27.38,2044100.0
2025-08-14,27.39,27.5,27.02,27.09,2272020.0
2025-08-15,27.18,27.29,26.9,27.09,2421000.0
2025-08-18,27.2,27.43,27.03,27.18,3213600.0
2025-08-19,27.17,27.49,27.04,27.25,2480300.0
2025-08-20,27.22,28.52,27.06,28.1,5611794.0
2025-08-21,27.95,28.16,27.52,27.64,2608600.0
2025-08-22,27.53,27.85,27.42,27.71,2036100.0
2025-08-25,27.83,27.85,27.25,27.46,2937300.0
2025-08-26,27.5,28.8,27.41,27.93,4860427.0
2025-08-27,27.94,28.17,27.42,27.48,3413700.0
2025-08-28,27.4,27.67,26.0,26.77,4536630.0
2025-08-29,26.67,26.96,26.4,26.75,2029860.0
2025-09-01,26.71,27.12,26.17,26.76,1980000.0
2025-09-02,26.63,26.95,26.11,26.47,2051323.0
2025-09-03,26.32,26.72,26.0,26.01,1645400.0
2025-09-04,26.03,26.44,25.8,26.08,2315200.0
2025-09-05,26.3,26.75,26.08,26.6,2163500.0
2025-09-08,26.6,28.0,26.6,27.98,4652433.0
2025-09-09,27.97,27.97,27.18,27.58,2501100.0
2025-09-10,27.56,27.7,27.24,27.63,1874600.0
2025-09-11,27.63,28.19,27.2,27.6,3504033.0
2025-09-12,27.6,27.99,27.25,27.38,2638300.0
2025-09-15,27.48,27.48,26.9,27.14,2185700.0
2025-09-16,26.96,27.38,26.9,27.18,1741583.0
2025-09-17,27.3,27.8,27.01,27.07,2262700.0
2025-09-18,27.08,29.78,27.08,29.78,10741094.0
2025-09-19,30.02,30.61,29.1,29.5,9062494.0
2025-09-22,29.61,29.9,28.93,29.48,4112000.0
2025-09-23,29.56,29.56,27.59,28.79,5016800.0
2025-09-24,28.56,28.68,28.13,28.57,3022100.0
2025-09-25,28.57,29.12,28.11,28.23,4204000.0
2025-09-26,28.02,28.49,27.9,28.25,2419094.0
2025-09-29,28.25,29.11,27.5,28.44,3824594.0
2025-09-30,28.35,28.87,27.95,28.02,2653894.0
2025-10-09,28.2,29.0,27.69,28.49,3719800.0
2025-10-10,28.36,29.2,28.13,29.19,4329700.0
